{"mean": [168.055, 169.64875, 170.04833333333335, 190.264375, 557.0325, 559.02875, 559.2889285714285, 566.8265625, 569.6144444444444, 576.77675, 582.9290909090909, 583.4097916666667, 588.8786538461538, 596.1880357142857, 602.9201666666667, 612.6375], "stdev": [0.24895751078280393, 1.1918174872877159, 1.7188389957324952, 15.544346243276426, 42.602262878719685, 3.6279831156966247, 4.729087637360784, 6.691742615538175, 7.349197551120218, 6.055096685977053, 10.370141107385898, 8.355775468138122, 10.053066780758838, 8.875402003386641, 15.19247605827392, 18.169752151892375], "median": [168.0, 170.0, 170.0, 177.0, 555.0, 559.0, 559.0, 568.0, 568.0, 576.0, 580.0, 581.0, 587.0, 595.0, 597.0, 607.0], "nof_kernels": [1, 2, 3, 4, 5, 6, 7, 8, 9, 10, 11, 12, 13, 14, 15, 16], "min": [167.0, 168.0, 168.0, 171.0, 169.0, 552.0, 552.0, 555.0, 559.0, 566.0, 571.0, 569.0, 573.0, 580.0, 579.0, 583.0], "max": [169.0, 172.0, 177.0, 222.0, 1006.0, 570.0, 578.0, 584.0, 589.0, 598.0, 623.0, 613.0, 622.0, 632.0, 646.0, 674.0]}