{"mean": [167.975, 173.71, 549.2333333333333, 554.25125, 554.589, 559.2316666666667, 562.0342857142857, 566.2290625, 574.0372222222222, 577.112, 581.2538636363637, 586.55375, 596.3388461538461, 592.8844642857143, 616.1295, 607.92796875], "stdev": [0.18541220498311253, 2.1073854605726003, 24.60043323776324, 3.165765180969475, 3.987897627759773, 5.789078820939951, 3.2668815453362128, 6.404207085748579, 8.181196323928623, 8.946176907833864, 9.683354562294042, 6.571457886221481, 14.649505502137929, 8.187799540810415, 23.378934460162764, 12.06977336466434], "median": [168.0, 174.0, 552.0, 554.0, 554.0, 560.0, 562.0, 567.0, 572.0, 576.0, 580.0, 586.0, 594.0, 592.0, 607.0, 606.0], "nof_kernels": [1, 2, 3, 4, 5, 6, 7, 8, 9, 10, 11, 12, 13, 14, 15, 16], "min": [167.0, 170.0, 170.0, 548.0, 548.0, 550.0, 556.0, 555.0, 563.0, 562.0, 567.0, 574.0, 577.0, 577.0, 582.0, 584.0], "max": [169.0, 180.0, 561.0, 563.0, 566.0, 578.0, 571.0, 584.0, 594.0, 606.0, 609.0, 608.0, 646.0, 642.0, 675.0, 652.0]}