{"mean": [169.0, 174.805, 416.8333333333333, 533.125, 533.014, 533.5066666666667, 534.4928571428571, 534.95875, 534.7922222222222, 535.045, 535.1009090909091, 537.2425, 536.6553846153846, 536.9642857142857, 536.3626666666667, 537.269375], "stdev": [0.0, 3.3924582894738236, 141.7570414153959, 1.0509335307420598, 1.5613956488581833, 1.8421361599758446, 2.03086651942409, 2.190259306457706, 2.054879696299018, 3.2522769778722953, 3.353444703264723, 5.382172558794635, 5.060435718393776, 4.625155038911995, 3.658882132579131, 3.137794513550211], "median": [169.0, 173.5, 534.0, 533.0, 532.0, 533.0, 534.0, 535.0, 535.0, 534.0, 534.0, 535.0, 535.0, 535.0, 535.0, 537.0], "nof_kernels": [1, 2, 3, 4, 5, 6, 7, 8, 9, 10, 11, 12, 13, 14, 15, 16], "min": [169.0, 170.0, 168.0, 531.0, 531.0, 530.0, 531.0, 530.0, 529.0, 528.0, 529.0, 530.0, 528.0, 529.0, 530.0, 530.0], "max": [169.0, 180.0, 535.0, 535.0, 536.0, 538.0, 539.0, 541.0, 540.0, 543.0, 545.0, 549.0, 548.0, 548.0, 545.0, 545.0]}