{"mean": [162.0, 163.99, 207.32, 219.66, 227.128, 225.17333333333335, 228.44571428571427, 232.2775, 234.42, 236.399, 237.45090909090908, 243.35583333333332, 243.81230769230768, 245.35857142857142, 245.92933333333335, 251.455625], "stdev": [0.0, 1.006196341522983, 1.2570734755261732, 13.74265169443267, 12.088082467361717, 15.120973031192932, 11.422169553830416, 7.814003801485575, 10.198869679820897, 13.31384348015655, 13.878847879225043, 19.212704632966254, 16.132154376593974, 22.233680458391756, 22.41588343486847, 21.09856962265246], "median": [162.0, 163.5, 207.0, 209.0, 231.0, 229.5, 231.0, 231.0, 233.0, 234.0, 234.0, 236.0, 241.0, 239.0, 240.0, 243.0], "nof_kernels": [1, 2, 3, 4, 5, 6, 7, 8, 9, 10, 11, 12, 13, 14, 15, 16], "min": [162.0, 162.0, 205.0, 205.0, 206.0, 206.0, 207.0, 206.0, 206.0, 208.0, 206.0, 205.0, 210.0, 208.0, 216.0, 226.0], "max": [162.0, 165.0, 209.0, 237.0, 248.0, 262.0, 263.0, 261.0, 311.0, 333.0, 354.0, 346.0, 318.0, 508.0, 558.0, 426.0]}