{"mean": [162.99, 208.98, 207.36333333333334, 211.2525, 221.09, 223.41666666666666, 225.48, 231.71, 231.38111111111112, 235.598, 237.07181818181817, 241.41166666666666, 242.3523076923077, 242.095, 242.642, 244.366875], "stdev": [0.09974842727441166, 1.0110170070138178, 1.2276675044128225, 9.757189512558417, 16.22335036597241, 20.929917345488086, 23.783293732317315, 22.3811074621436, 14.190096636980952, 7.662881695415829, 11.528848540547468, 14.598949771983861, 23.07831061820431, 15.139045080825646, 13.177596607529903, 14.190981651103082], "median": [163.0, 208.5, 207.0, 207.0, 210.5, 208.0, 214.5, 230.5, 232.0, 234.0, 234.0, 234.0, 241.0, 239.0, 238.0, 239.0], "nof_kernels": [1, 2, 3, 4, 5, 6, 7, 8, 9, 10, 11, 12, 13, 14, 15, 16], "min": [162.0, 207.0, 206.0, 205.0, 206.0, 205.0, 203.0, 203.0, 205.0, 206.0, 211.0, 214.0, 204.0, 223.0, 221.0, 230.0], "max": [163.0, 210.0, 209.0, 237.0, 245.0, 263.0, 280.0, 286.0, 304.0, 277.0, 324.0, 327.0, 399.0, 392.0, 355.0, 368.0]}