{"mean": [173.285, 551.36, 552.6008333333333, 555.73125, 555.474, 559.9533333333334, 560.6403571428572, 564.5315625, 572.6416666666667, 574.7775, 582.8438636363636, 588.6522916666667, 591.605, 598.5594642857143, 606.7403333333333, 606.64], "stdev": [1.7099717651963073, 2.3938721462296684, 1.2516149970620687, 3.135357306397167, 2.6240105916075325, 4.3423957767125865, 4.921076988107497, 5.046459403121034, 6.898011729540902, 6.9892328181099534, 10.775027551971393, 6.302313001573943, 12.935950942850475, 8.530266202437474, 18.622953029718882, 10.22984168913052], "median": [172.5, 551.0, 552.0, 556.0, 555.0, 560.0, 560.0, 565.0, 572.0, 575.0, 582.0, 588.0, 588.0, 599.0, 600.0, 606.0], "nof_kernels": [1, 2, 3, 4, 5, 6, 7, 8, 9, 10, 11, 12, 13, 14, 15, 16], "min": [171.0, 547.0, 550.0, 550.0, 550.0, 551.0, 553.0, 554.0, 561.0, 563.0, 569.0, 579.0, 573.0, 580.0, 579.0, 583.0], "max": [175.0, 557.0, 558.0, 564.0, 564.0, 569.0, 573.0, 575.0, 596.0, 595.0, 613.0, 606.0, 629.0, 626.0, 668.0, 636.0]}