{"min": [164.0, 164.0, 164.0, 166.0, 273.0, 357.0, 387.0, 421.0, 427.0, 454.0, 457.0, 466.0, 475.0, 481.0, 483.0, 490.0], "nof_kernels": [1, 2, 3, 4, 5, 6, 7, 8, 9, 10, 11, 12, 13, 14, 15, 16], "mean": [164.365, 165.7675, 165.8625, 187.090625, 356.5055, 374.40125, 464.50107142857144, 458.02375, 495.9194444444444, 492.094, 491.2175, 484.410625, 502.2978846153846, 497.43071428571426, 504.16383333333334, 509.620625], "stdev": [0.48144896805022636, 1.4844291244056766, 1.2139325046462057, 5.463446266089144, 58.39091747160405, 12.809106843994284, 47.305594386158106, 17.02983831746718, 36.54790000444232, 18.099550362535624, 30.633352952045747, 17.7428946808483, 24.297554585047482, 16.1354603567546, 20.14631742775481, 19.175197064484852], "median": [164.0, 165.5, 166.0, 185.0, 391.0, 368.0, 482.0, 456.0, 504.0, 486.0, 489.0, 474.0, 500.5, 489.0, 494.0, 498.0], "max": [165.0, 168.0, 171.0, 217.0, 461.0, 421.0, 554.0, 509.0, 569.0, 550.0, 586.0, 538.0, 569.0, 564.0, 598.0, 565.0]}