{"min": [163.0, 163.0, 162.0, 163.0, 235.0, 279.0, 306.0, 368.0, 382.0, 393.0, 405.0, 406.0, 411.0, 438.0, 443.0, 459.0], "nof_kernels": [1, 2, 3, 4, 5, 6, 7, 8, 9, 10, 11, 12, 13, 14, 15, 16], "mean": [163.0, 164.0, 163.33333333333334, 164.1325, 267.99, 310.575, 351.7785714285714, 378.655, 410.3644444444444, 428.625, 435.8272727272727, 452.32, 457.57153846153847, 464.0, 467.51, 470.05875], "stdev": [0.0, 1.002509414234171, 1.249303038696862, 0.9230785095738567, 16.290754351923347, 21.496228849682677, 18.699593324911245, 3.745131173855828, 28.816562685511844, 26.049048503312516, 16.2924026969578, 27.42969054272015, 21.15852310577856, 15.578389019142415, 10.823431269378577, 6.823536388341964], "median": [163.0, 164.0, 163.0, 164.5, 275.0, 323.0, 358.0, 378.0, 393.0, 432.0, 443.0, 447.0, 465.0, 467.0, 466.0, 468.0], "max": [163.0, 165.0, 165.0, 165.0, 284.0, 334.0, 367.0, 389.0, 463.0, 465.0, 461.0, 504.0, 489.0, 497.0, 500.0, 501.0]}