{"min": [168.0, 168.0, 167.0, 168.0, 243.0, 284.0, 310.0, 374.0, 389.0, 398.0, 408.0, 413.0, 421.0, 448.0, 454.0, 466.0], "nof_kernels": [1, 2, 3, 4, 5, 6, 7, 8, 9, 10, 11, 12, 13, 14, 15, 16], "mean": [168.0, 169.0, 168.33333333333334, 174.74, 276.126, 317.5133333333333, 359.10714285714283, 385.255, 416.70666666666665, 432.003, 436.71272727272725, 462.3475, 466.5146153846154, 473.1114285714286, 474.6553333333333, 476.130625], "stdev": [0.0, 1.0000781341564657, 1.2472840933296667, 2.408911237035895, 16.356614722424183, 22.51864930386536, 20.165659360744574, 3.5416048564977904, 27.604878260830468, 22.15902379275727, 11.988847600156978, 31.661956930266953, 22.744008300031812, 18.871818496121488, 9.688128145757435, 5.775635344453646], "median": [168.0, 169.0, 168.0, 173.0, 282.0, 331.0, 366.0, 385.0, 399.0, 446.0, 440.0, 449.0, 476.0, 479.0, 475.0, 474.0], "max": [168.0, 170.0, 170.0, 178.0, 289.0, 339.0, 376.0, 394.0, 464.0, 460.0, 456.0, 516.0, 499.0, 510.0, 502.0, 505.0]}