{"min": [168.0, 169.0, 289.0, 331.0, 353.0, 373.0, 384.0, 426.0, 431.0, 435.0, 444.0, 448.0, 450.0, 475.0, 477.0, 488.0], "nof_kernels": [1, 2, 3, 4, 5, 6, 7, 8, 9, 10, 11, 12, 13, 14, 15, 16], "mean": [168.8, 172.95, 292.89, 354.7125, 396.148, 404.61333333333334, 423.5728571428571, 435.5875, 456.51222222222225, 464.508, 469.39272727272726, 486.1983333333333, 490.03846153846155, 497.7914285714286, 495.89, 500.488125], "stdev": [5.022736675723755, 5.463713425929988, 3.6495598948056074, 22.319470477663952, 21.242182041721097, 21.623941425812056, 16.11332181806806, 4.769772788140578, 21.25028044929067, 17.90497010256019, 10.471422947610208, 26.47569170857525, 19.577696387956323, 16.97590946048452, 9.292776715119334, 6.942319519339324], "median": [168.0, 173.0, 292.0, 362.5, 405.0, 417.0, 429.0, 435.0, 442.0, 475.0, 472.0, 475.0, 499.0, 503.0, 496.0, 499.0], "max": [206.0, 208.0, 315.0, 400.0, 425.0, 439.0, 449.0, 457.0, 503.0, 498.0, 492.0, 540.0, 529.0, 540.0, 522.0, 531.0]}