{"min": [164.0, 165.0, 280.0, 370.0, 394.0, 437.0, 444.0, 464.0, 470.0, 482.0, 485.0, 494.0, 498.0, 502.0, 506.0, 510.0], "nof_kernels": [1, 2, 3, 4, 5, 6, 7, 8, 9, 10, 11, 12, 13, 14, 15, 16], "mean": [164.845, 175.505, 334.3016666666667, 384.83, 447.319, 446.245, 484.9114285714286, 474.4571875, 505.2286111111111, 494.445, 515.8390909090909, 509.16625, 526.5113461538461, 518.145, 530.859, 528.9303125], "stdev": [3.7672382134056086, 6.806010905420654, 37.72975485957913, 5.2239001704548995, 37.11549222860048, 7.432520499012551, 30.96790967732851, 8.992994877935763, 28.638341058439163, 11.726041498269334, 25.25796009882003, 13.634814065852956, 24.14195017986118, 13.390320752229934, 21.471605751095726, 18.44437393245971], "median": [164.0, 175.0, 359.0, 383.0, 470.0, 443.0, 498.0, 470.0, 517.0, 488.0, 525.0, 501.0, 530.0, 511.0, 529.0, 520.0], "max": [202.0, 229.0, 406.0, 408.0, 498.0, 485.0, 537.0, 504.0, 559.0, 541.0, 571.0, 542.0, 582.0, 562.0, 579.0, 589.0]}