{"min": [163.0, 164.0, 283.0, 326.0, 351.0, 362.0, 378.0, 422.0, 403.0, 408.0, 437.0, 440.0, 444.0, 466.0, 465.0, 482.0], "nof_kernels": [1, 2, 3, 4, 5, 6, 7, 8, 9, 10, 11, 12, 13, 14, 15, 16], "mean": [163.39, 165.49, 288.50666666666666, 349.33, 391.274, 399.75, 418.2242857142857, 431.595, 450.08222222222224, 457.291, 465.2827272727273, 478.6525, 483.29153846153844, 491.3721428571429, 487.04, 491.9775], "stdev": [3.6003768646961385, 5.3611336847690065, 3.5941831445196932, 21.64825417062066, 19.98425115670573, 23.618333727708112, 16.408290724295604, 4.884248655431053, 29.11432899663779, 23.423506341379856, 13.84948229745054, 23.38634845993036, 18.937139223149988, 15.634104803005973, 9.223670203919744, 6.1902316941802455], "median": [163.0, 165.0, 288.0, 357.5, 399.0, 413.0, 423.0, 431.0, 436.0, 463.0, 472.0, 474.0, 490.5, 495.0, 487.0, 490.0], "max": [199.0, 207.0, 311.0, 387.0, 420.0, 452.0, 444.0, 453.0, 512.0, 506.0, 496.0, 530.0, 523.0, 533.0, 517.0, 514.0]}