{"min": [165.0, 334.0, 369.0, 421.0, 430.0, 466.0, 470.0, 485.0, 490.0, 499.0, 501.0, 507.0, 509.0, 514.0, 517.0, 520.0], "nof_kernels": [1, 2, 3, 4, 5, 6, 7, 8, 9, 10, 11, 12, 13, 14, 15, 16], "mean": [171.765, 336.585, 413.36333333333334, 434.7225, 478.315, 474.8329166666667, 503.94964285714286, 494.9190625, 520.3397222222222, 508.81775, 525.3638636363636, 521.5614583333333, 530.7992307692308, 530.1253571428572, 535.9448333333333, 536.2134375], "stdev": [7.081927227618604, 2.980456675906061, 30.468379739415774, 5.07909909358857, 32.075782934679395, 7.269389330123635, 27.163243002777165, 7.917504265713766, 25.022518115204324, 9.108330421962581, 20.220158882521794, 13.03900544824657, 17.535403781172974, 14.403040862106039, 15.974399906588667, 15.110941710486854], "median": [170.0, 337.0, 434.0, 433.0, 499.0, 472.0, 519.0, 491.0, 532.0, 504.0, 530.0, 517.0, 531.0, 525.0, 535.0, 532.0], "max": [207.0, 352.0, 444.0, 464.0, 528.0, 495.0, 543.0, 520.0, 564.0, 535.0, 578.0, 568.0, 567.0, 570.0, 577.0, 588.0]}