{"min": [163.0, 333.0, 369.0, 386.0, 398.0, 405.0, 412.0, 448.0, 451.0, 452.0, 455.0, 456.0, 457.0, 476.0, 478.0, 493.0], "nof_kernels": [1, 2, 3, 4, 5, 6, 7, 8, 9, 10, 11, 12, 13, 14, 15, 16], "mean": [165.01, 335.26, 371.71666666666664, 407.525, 430.922, 432.4316666666667, 445.5, 453.77625, 470.56555555555553, 478.673, 480.7572727272727, 492.1483333333333, 494.45153846153846, 500.00928571428574, 498.77933333333334, 500.6525], "stdev": [6.733244605283018, 2.6381431914789744, 2.612999904910189, 20.59865908123466, 16.291510959064826, 18.455509622289064, 13.626016825347769, 3.197276191839597, 21.71545565130191, 20.125819121159985, 12.602655033225233, 23.43341914220326, 18.243615567719708, 15.187687969880864, 9.062046114545524, 5.306297461293861], "median": [164.0, 335.0, 371.0, 410.5, 438.0, 443.0, 450.0, 453.0, 457.0, 482.0, 486.0, 486.0, 501.0, 503.0, 499.0, 499.0], "max": [199.0, 345.0, 383.0, 437.0, 448.0, 456.0, 462.0, 466.0, 516.0, 512.0, 510.0, 535.0, 525.0, 534.0, 525.0, 521.0]}