{"min": [169.0, 337.0, 375.0, 390.0, 402.0, 409.0, 415.0, 450.0, 456.0, 459.0, 464.0, 463.0, 463.0, 489.0, 489.0, 499.0], "nof_kernels": [1, 2, 3, 4, 5, 6, 7, 8, 9, 10, 11, 12, 13, 14, 15, 16], "mean": [171.42, 339.655, 376.98, 412.91, 436.13, 437.48833333333334, 449.9, 458.895, 474.8933333333333, 483.896, 486.10636363636365, 499.2525, 501.5692307692308, 509.145, 507.078, 506.541875], "stdev": [6.91075426700432, 2.6752744337408587, 2.5179873795943117, 20.909353321720065, 16.532579438382577, 18.997157515802893, 14.04519056502783, 3.2972563872985963, 19.37970005068847, 16.33650893084647, 9.29346077369637, 26.029433105554894, 18.742952466329594, 15.389072322728653, 8.632659027883939, 5.269609932768468], "median": [170.0, 340.0, 376.0, 416.5, 443.0, 448.0, 454.0, 458.0, 462.0, 494.0, 489.0, 488.0, 510.0, 514.0, 508.0, 505.0], "max": [206.0, 352.0, 388.0, 442.0, 454.0, 470.0, 467.0, 471.0, 511.0, 509.0, 501.0, 548.0, 532.0, 536.0, 528.0, 527.0]}