{"mean": [6979.0, 3678.0, 2761.6666666666665, 2302.75, 1973.6, 1665.3333333333333, 1360.5714285714287, 1244.75, 1164.0, 1096.3, 1000.0909090909091, 925.75, 867.6923076923077, 822.1428571428571, 801.8, 749.4375, 736.5294117647059, 721.5, 684.9473684210526, 679.35, 639.1428571428571, 622.5, 593.2608695652174, 612.1666666666666, 562.44, 556.3076923076923, 559.8518518518518, 527.3928571428571, 534.1379310344828, 539.9, 513.7741935483871, 516.0], "median": [6979.0, 3678.0, 2763.0, 2266.5, 2048.0, 1798.5, 1404.0, 1257.5, 1210.0, 1080.5, 1008.0, 997.5, 830.0, 751.0, 761.0, 753.5, 753.0, 775.5, 706.0, 730.0, 711.0, 539.5, 546.0, 580.5, 514.0, 517.5, 542.0, 495.0, 505.0, 531.5, 506.0, 512.0], "max": [6979.0, 3687.0, 2850.0, 2485.0, 2147.0, 1866.0, 1680.0, 1405.0, 1398.0, 1311.0, 1155.0, 1128.0, 1113.0, 1118.0, 1072.0, 816.0, 876.0, 921.0, 931.0, 925.0, 882.0, 839.0, 826.0, 864.0, 824.0, 827.0, 831.0, 800.0, 824.0, 718.0, 692.0, 614.0], "stdev": [], "min": [6979.0, 3669.0, 2672.0, 2193.0, 1531.0, 1337.0, 1100.0, 1091.0, 873.0, 917.0, 663.0, 669.0, 662.0, 661.0, 668.0, 647.0, 434.0, 423.0, 421.0, 467.0, 419.0, 458.0, 417.0, 424.0, 423.0, 423.0, 423.0, 394.0, 426.0, 439.0, 421.0, 422.0], "nof_blocks": [1, 2, 3, 4, 5, 6, 7, 8, 9, 10, 11, 12, 13, 14, 15, 16, 17, 18, 19, 20, 21, 22, 23, 24, 25, 26, 27, 28, 29, 30, 31, 32]}