{"mean": [210090.0, 105556.0, 70172.66666666667, 53020.5, 41995.2, 35066.333333333336, 30026.85714285714, 26417.25, 23427.333333333332, 21047.1, 19152.090909090908, 17627.333333333332, 16243.846153846154, 15220.92857142857, 14100.466666666667, 13397.1875, 12425.058823529413, 12053.111111111111, 11153.052631578947, 10633.55, 10093.47619047619, 9648.863636363636, 9248.304347826086, 8919.125, 8573.08, 8244.576923076924, 7893.925925925926, 7690.571428571428, 7394.068965517241, 7151.6, 6934.064516129032, 6742.25], "median": [210090.0, 105556.0, 70196.0, 53020.0, 42122.0, 35179.0, 29972.0, 26422.0, 23446.0, 21016.0, 19164.0, 17619.0, 16258.0, 15222.0, 14072.0, 13405.0, 12386.0, 12063.0, 11172.0, 10632.0, 10139.0, 9678.0, 9270.0, 8945.0, 8606.0, 8255.5, 7911.0, 7695.0, 7388.0, 7127.5, 6932.0, 6746.0], "max": [210090.0, 106068.0, 70672.0, 53022.0, 42350.0, 35358.0, 30470.0, 26552.0, 23582.0, 21296.0, 19356.0, 17958.0, 16498.0, 15514.0, 14390.0, 13411.0, 12654.0, 12244.0, 11245.0, 10942.0, 10198.0, 9792.0, 9422.0, 9063.0, 8668.0, 8441.0, 7984.0, 7882.0, 7614.0, 7412.0, 7082.0, 6881.0], "stdev": [], "min": [210090.0, 105044.0, 69650.0, 53020.0, 41472.0, 34558.0, 29734.0, 26274.0, 23226.0, 20770.0, 18934.0, 17330.0, 15961.0, 15019.0, 13930.0, 13360.0, 12304.0, 11680.0, 10915.0, 10420.0, 9852.0, 9444.0, 9052.0, 8760.0, 8445.0, 7995.0, 7670.0, 7495.0, 7244.0, 7001.0, 6877.0, 6636.0], "nof_blocks": [1, 2, 3, 4, 5, 6, 7, 8, 9, 10, 11, 12, 13, 14, 15, 16, 17, 18, 19, 20, 21, 22, 23, 24, 25, 26, 27, 28, 29, 30, 31, 32]}