{"mean": [52522.0, 26443.0, 17710.666666666668, 13353.75, 10724.6, 8984.0, 7745.285714285715, 6769.625, 6160.888888888889, 5442.7, 5020.636363636364, 4591.416666666667, 4287.538461538462, 4038.6428571428573, 3727.4666666666667, 3517.0625, 3359.3529411764707, 3230.0, 3058.4210526315787, 2937.1, 2848.5714285714284, 2760.2727272727275, 2637.7391304347825, 2551.7916666666665, 2532.24, 2465.769230769231, 2436.5925925925926, 2346.785714285714, 2366.4137931034484, 2297.2, 2219.6129032258063, 2112.5625], "median": [52522.0, 26443.0, 17698.0, 13348.0, 10697.0, 9016.5, 7788.0, 6761.5, 6114.0, 5497.0, 4966.0, 4544.0, 4339.0, 3987.5, 3713.0, 3513.5, 3345.0, 3205.5, 3024.0, 2954.5, 2833.0, 2783.5, 2624.0, 2573.0, 2504.0, 2486.5, 2474.0, 2328.5, 2378.0, 2345.0, 2229.0, 2145.0], "max": [52522.0, 26566.0, 17838.0, 13476.0, 10855.0, 9065.0, 7850.0, 6804.0, 6303.0, 5532.0, 5193.0, 4746.0, 4369.0, 4209.0, 3892.0, 3577.0, 3497.0, 3382.0, 3161.0, 3063.0, 3001.0, 2839.0, 2801.0, 2641.0, 2642.0, 2548.0, 2556.0, 2496.0, 2451.0, 2416.0, 2332.0, 2255.0], "stdev": [], "min": [52522.0, 26320.0, 17596.0, 13243.0, 10646.0, 8865.0, 7645.0, 6746.0, 6028.0, 5326.0, 4928.0, 4488.0, 4148.0, 3962.0, 3676.0, 3477.0, 3309.0, 3137.0, 2963.0, 2765.0, 2760.0, 2653.0, 2569.0, 2425.0, 2440.0, 2297.0, 2285.0, 2226.0, 2160.0, 2077.0, 2006.0, 1752.0], "nof_blocks": [1, 2, 3, 4, 5, 6, 7, 8, 9, 10, 11, 12, 13, 14, 15, 16, 17, 18, 19, 20, 21, 22, 23, 24, 25, 26, 27, 28, 29, 30, 31, 32]}