{"mean": [26349.0, 13423.0, 8995.666666666666, 6811.0, 5477.2, 4613.0, 4005.4285714285716, 3548.625, 3254.4444444444443, 2942.6, 2841.0, 2606.0833333333335, 2668.4615384615386, 2377.214285714286, 2506.0666666666666, 2130.0625, 2151.764705882353, 1903.111111111111, 1854.8947368421052, 1724.45, 1642.142857142857, 1548.8636363636363, 1551.9130434782608, 1469.125, 1408.2, 1350.8461538461538, 1309.888888888889, 1276.5357142857142, 1254.896551724138, 1228.0, 1185.6451612903227, 1135.125], "median": [26349.0, 13423.0, 9061.0, 6810.5, 5505.0, 4554.0, 3966.0, 3548.0, 3226.0, 2957.5, 2862.0, 2632.5, 2705.0, 2374.5, 2515.0, 2159.0, 2247.0, 1918.5, 1931.0, 1806.5, 1673.0, 1621.5, 1683.0, 1464.5, 1419.0, 1400.5, 1380.0, 1382.0, 1189.0, 1215.0, 1176.0, 1164.0], "max": [26349.0, 13447.0, 9079.0, 6826.0, 5579.0, 4767.0, 4155.0, 3612.0, 3402.0, 3000.0, 2950.0, 2683.0, 2768.0, 2516.0, 2699.0, 2247.0, 2339.0, 2118.0, 2070.0, 1979.0, 1875.0, 1771.0, 1849.0, 1765.0, 1672.0, 1516.0, 1587.0, 1538.0, 1515.0, 1511.0, 1437.0, 1250.0], "stdev": [], "min": [26349.0, 13399.0, 8847.0, 6797.0, 5361.0, 4527.0, 3921.0, 3494.0, 3172.0, 2794.0, 2674.0, 2445.0, 2381.0, 2233.0, 2241.0, 1910.0, 1580.0, 1553.0, 1353.0, 1353.0, 1347.0, 1191.0, 1146.0, 1189.0, 1172.0, 1053.0, 976.0, 993.0, 1010.0, 1009.0, 962.0, 951.0], "nof_blocks": [1, 2, 3, 4, 5, 6, 7, 8, 9, 10, 11, 12, 13, 14, 15, 16, 17, 18, 19, 20, 21, 22, 23, 24, 25, 26, 27, 28, 29, 30, 31, 32]}