{"mean": [13432.0, 6912.0, 4650.666666666667, 3591.75, 3025.2, 2601.8333333333335, 2420.8571428571427, 2230.5, 1977.888888888889, 1761.4, 1609.6363636363637, 1510.8333333333333, 1392.6153846153845, 1287.4285714285713, 1247.3333333333333, 1160.3125, 1124.1764705882354, 1060.3333333333333, 1019.8421052631579, 971.35, 944.7142857142857, 903.7272727272727, 898.304347826087, 844.5833333333334, 826.0, 804.6538461538462, 786.2592592592592, 750.7857142857143, 746.6551724137931, 715.5333333333333, 702.7096774193549, 680.03125], "median": [13432.0, 6912.0, 4583.0, 3591.5, 3035.0, 2657.5, 2478.0, 2231.0, 1997.0, 1803.5, 1674.0, 1601.0, 1455.0, 1413.5, 1226.0, 1169.5, 1161.0, 1139.0, 974.0, 948.0, 957.0, 926.5, 946.0, 913.0, 920.0, 745.5, 723.0, 704.5, 688.0, 699.5, 695.0, 680.0], "max": [13432.0, 6920.0, 4792.0, 3612.0, 3083.0, 2694.0, 2592.0, 2342.0, 2127.0, 1979.0, 1784.0, 1737.0, 1532.0, 1566.0, 1488.0, 1287.0, 1338.0, 1254.0, 1317.0, 1180.0, 1157.0, 991.0, 1060.0, 1081.0, 1031.0, 1076.0, 1072.0, 995.0, 1002.0, 987.0, 968.0, 801.0], "stdev": [], "min": [13432.0, 6904.0, 4577.0, 3572.0, 2957.0, 2428.0, 2242.0, 2150.0, 1651.0, 1426.0, 1245.0, 1225.0, 1118.0, 1019.0, 1001.0, 988.0, 786.0, 776.0, 781.0, 796.0, 786.0, 643.0, 554.0, 557.0, 572.0, 568.0, 573.0, 583.0, 566.0, 574.0, 558.0, 553.0], "nof_blocks": [1, 2, 3, 4, 5, 6, 7, 8, 9, 10, 11, 12, 13, 14, 15, 16, 17, 18, 19, 20, 21, 22, 23, 24, 25, 26, 27, 28, 29, 30, 31, 32]}