{"median": [172.0, 173.0, 174.0, 177.0, 185.0, 195.5, 222.0, 249.0, 248.0, 249.0, 249.0, 248.5, 249.0, 249.0, 249.0, 248.5, 249.0, 249.0, 249.0, 249.0, 249.0, 249.0, 250.0, 248.0, 249.0, 249.0, 249.0, 249.0, 249.0, 249.0, 249.0, 249.0], "stdev": [], "mean": [172.0, 173.0, 174.33333333333334, 177.0, 184.2, 195.33333333333334, 220.0, 249.0, 240.44444444444446, 234.2, 229.9090909090909, 228.75, 226.69230769230768, 227.85714285714286, 236.0, 248.75, 244.88235294117646, 240.55555555555554, 238.21052631578948, 237.15, 235.38095238095238, 235.8181818181818, 241.3913043478261, 248.375, 245.92, 243.23076923076923, 241.37037037037038, 240.60714285714286, 239.20689655172413, 239.2, 243.06451612903226, 248.65625], "nof_blocks": [1, 2, 3, 4, 5, 6, 7, 8, 9, 10, 11, 12, 13, 14, 15, 16, 17, 18, 19, 20, 21, 22, 23, 24, 25, 26, 27, 28, 29, 30, 31, 32], "max": [172.0, 174.0, 175.0, 178.0, 185.0, 196.0, 222.0, 250.0, 250.0, 250.0, 250.0, 250.0, 250.0, 250.0, 251.0, 250.0, 251.0, 250.0, 250.0, 250.0, 250.0, 250.0, 250.0, 250.0, 251.0, 250.0, 250.0, 250.0, 250.0, 250.0, 251.0, 251.0], "min": [172.0, 172.0, 174.0, 176.0, 183.0, 194.0, 217.0, 248.0, 172.0, 173.0, 178.0, 188.0, 180.0, 192.0, 218.0, 248.0, 172.0, 173.0, 178.0, 188.0, 180.0, 193.0, 219.0, 246.0, 171.0, 173.0, 179.0, 189.0, 180.0, 192.0, 218.0, 245.0]}