{"median": [172.0, 173.0, 171.0, 173.0, 172.0, 172.5, 170.0, 173.0, 171.0, 171.5, 171.0, 171.5, 171.0, 171.5, 171.0, 172.5, 171.0, 172.0, 171.0, 171.0, 171.0, 171.5, 171.0, 171.5, 171.0, 171.5, 171.0, 172.0, 171.0, 171.5, 171.0, 171.5], "stdev": [], "mean": [172.0, 173.0, 171.66666666666666, 173.0, 171.6, 171.83333333333334, 171.28571428571428, 173.0, 171.33333333333334, 171.5, 171.1818181818182, 171.58333333333334, 171.46153846153845, 171.5, 171.46666666666667, 172.25, 171.41176470588235, 171.66666666666666, 171.47368421052633, 171.15, 171.42857142857142, 171.4090909090909, 171.47826086956522, 171.5, 171.48, 171.53846153846155, 171.4814814814815, 171.96428571428572, 171.51724137931035, 171.5, 171.48387096774192, 171.5], "nof_blocks": [1, 2, 3, 4, 5, 6, 7, 8, 9, 10, 11, 12, 13, 14, 15, 16, 17, 18, 19, 20, 21, 22, 23, 24, 25, 26, 27, 28, 29, 30, 31, 32], "max": [172.0, 174.0, 173.0, 173.0, 173.0, 173.0, 173.0, 173.0, 173.0, 173.0, 173.0, 173.0, 173.0, 173.0, 173.0, 173.0, 173.0, 174.0, 173.0, 173.0, 173.0, 173.0, 173.0, 173.0, 173.0, 173.0, 173.0, 174.0, 173.0, 173.0, 173.0, 173.0], "min": [172.0, 172.0, 171.0, 173.0, 170.0, 170.0, 170.0, 173.0, 170.0, 170.0, 170.0, 170.0, 170.0, 170.0, 170.0, 171.0, 170.0, 170.0, 170.0, 169.0, 170.0, 170.0, 170.0, 170.0, 170.0, 170.0, 170.0, 170.0, 170.0, 170.0, 170.0, 170.0]}