{"max": [172.0, 174.0, 174.0, 174.0, 174.0, 175.0, 177.0, 178.0, 184.0, 186.0, 192.0, 198.0, 212.0, 223.0, 237.0, 251.0, 251.0, 252.0, 252.0, 251.0, 252.0, 251.0, 257.0, 251.0, 257.0, 250.0, 252.0, 251.0, 252.0, 252.0, 251.0, 252.0], "stdev": [0.38004133791320716, 0.6821761715059403, 0.9393280097318167, 0.8777117787738186, 0.6913301229185649, 1.1143294608696408, 0.6425550514099657, 1.095186543969608, 0.7581208134893981, 1.0997373518510543, 0.8929142596281099, 0.9155824250241704, 1.638251393196245, 1.0767337323997692, 2.8942501818325446, 1.1173046635428447, 18.302483955723947, 24.858184940118537, 28.726275680139363, 30.4226363402428, 31.777394881972526, 31.249728996789433, 32.0227168719524, 27.639941622212824, 30.4571306154254, 28.089225128167612, 27.08683894507736, 24.147300941254848, 20.676194297092387, 13.49567332923248, 8.035505107917308, 1.5785273379010367], "min": [171.0, 172.0, 170.0, 171.0, 172.0, 172.0, 175.0, 175.0, 180.0, 182.0, 188.0, 194.0, 205.0, 218.0, 225.0, 246.0, 171.0, 170.0, 170.0, 172.0, 175.0, 178.0, 182.0, 188.0, 176.0, 179.0, 185.0, 192.0, 199.0, 213.0, 228.0, 240.0], "median": [171.0, 173.0, 172.0, 172.0, 173.0, 173.5, 176.0, 176.5, 182.0, 184.0, 190.0, 196.0, 208.0, 221.0, 232.0, 249.0, 249.0, 250.0, 250.0, 248.0, 250.0, 248.0, 253.0, 248.0, 253.0, 248.0, 249.0, 248.0, 249.0, 249.0, 247.0, 249.0], "mean": [171.175, 173.16875, 172.13333333333333, 172.253125, 172.89, 173.50416666666666, 176.2982142857143, 176.475, 181.85, 183.725, 190.15227272727273, 195.94166666666666, 208.2923076923077, 221.16517857142858, 233.48583333333335, 249.06328125, 244.29632352941175, 240.8173611111111, 237.6875, 233.495, 232.36904761904762, 229.73636363636365, 232.3907608695652, 229.11510416666667, 230.883, 226.9235576923077, 228.03564814814814, 228.196875, 231.94612068965517, 237.4975, 241.37943548387096, 248.79921875], "nof_blocks": [1, 2, 3, 4, 5, 6, 7, 8, 9, 10, 11, 12, 13, 14, 15, 16, 17, 18, 19, 20, 21, 22, 23, 24, 25, 26, 27, 28, 29, 30, 31, 32]}