{"max": [172.0, 174.0, 174.0, 173.0, 173.0, 173.0, 173.0, 173.0, 173.0, 173.0, 173.0, 174.0, 173.0, 173.0, 173.0, 174.0, 173.0, 174.0, 173.0, 173.0, 173.0, 173.0, 173.0, 173.0, 173.0, 173.0, 173.0, 174.0, 174.0, 173.0, 173.0, 173.0], "stdev": [0.0, 1.0007821667210688, 1.2478692301566603, 0.15618597202598358, 1.3568900910536195, 1.3440596858464269, 1.3170618623329813, 0.0, 1.0659254110756373, 1.1137269059924895, 1.1642278070156342, 1.220103093416945, 1.246707243177575, 1.1353467381099622, 1.1470961976836525, 1.2034819575031253, 1.0963194982543076, 1.242815008556012, 1.1370330768271344, 1.174144543341067, 1.209426308851199, 1.188492612883267, 1.137181329018676, 1.1181067845300776, 1.0998869118697443, 1.1174393901608497, 1.1343910444268224, 1.3105295121635097, 1.3519729042554693, 1.147520733465274, 1.1323105428832765, 1.1180711139813617], "min": [172.0, 172.0, 171.0, 172.0, 170.0, 170.0, 170.0, 173.0, 170.0, 170.0, 169.0, 170.0, 169.0, 170.0, 170.0, 169.0, 170.0, 170.0, 170.0, 169.0, 170.0, 170.0, 170.0, 170.0, 170.0, 170.0, 170.0, 170.0, 170.0, 170.0, 170.0, 170.0], "median": [172.0, 173.0, 172.0, 173.0, 172.0, 172.5, 171.0, 173.0, 171.0, 171.5, 171.0, 172.0, 171.0, 171.5, 171.0, 171.0, 171.0, 172.0, 171.0, 171.5, 171.0, 171.5, 171.0, 171.5, 171.0, 171.5, 171.0, 172.0, 172.0, 171.5, 171.0, 172.0], "mean": [172.0, 173.0, 172.33333333333334, 172.975, 171.6, 171.83333333333334, 171.54285714285714, 173.0, 171.44444444444446, 171.6, 171.43636363636364, 171.85833333333332, 171.36153846153846, 171.43571428571428, 171.46666666666667, 171.54375, 171.46470588235294, 171.7888888888889, 171.4, 171.54, 171.41904761904763, 171.46363636363637, 171.47826086956522, 171.5, 171.48, 171.53846153846155, 171.4814814814815, 172.06428571428572, 171.91724137931035, 171.5, 171.48387096774192, 171.50625], "nof_blocks": [1, 2, 3, 4, 5, 6, 7, 8, 9, 10, 11, 12, 13, 14, 15, 16, 17, 18, 19, 20, 21, 22, 23, 24, 25, 26, 27, 28, 29, 30, 31, 32]}