{"median": [174.0, 175.0, 174.0, 174.5, 172.0, 173.0, 172.0, 174.5, 172.0, 172.0, 173.0, 173.0, 172.0, 172.5, 172.0, 177.5, 173.0, 173.0, 172.0, 173.0, 173.0, 174.0, 172.0, 172.5, 173.0, 174.0, 173.0, 174.0, 172.0, 174.0, 173.0, 182.0], "stdev": [], "mean": [174.0, 175.0, 174.0, 174.5, 172.4, 173.0, 172.28571428571428, 174.5, 171.66666666666666, 172.4, 172.9090909090909, 172.66666666666666, 172.15384615384616, 172.57142857142858, 172.33333333333334, 177.8125, 173.0, 172.61111111111111, 172.42105263157896, 172.6, 173.0, 173.6818181818182, 172.2608695652174, 172.58333333333334, 172.88, 174.46153846153845, 172.96296296296296, 173.67857142857142, 173.79310344827587, 173.93333333333334, 173.0, 182.3125], "nof_blocks": [1, 2, 3, 4, 5, 6, 7, 8, 9, 10, 11, 12, 13, 14, 15, 16, 17, 18, 19, 20, 21, 22, 23, 24, 25, 26, 27, 28, 29, 30, 31, 32], "max": [174.0, 176.0, 174.0, 176.0, 173.0, 175.0, 174.0, 176.0, 172.0, 173.0, 173.0, 175.0, 173.0, 175.0, 173.0, 180.0, 173.0, 175.0, 173.0, 173.0, 173.0, 176.0, 173.0, 175.0, 173.0, 176.0, 173.0, 174.0, 177.0, 175.0, 173.0, 185.0], "min": [174.0, 174.0, 174.0, 173.0, 172.0, 171.0, 171.0, 173.0, 171.0, 172.0, 172.0, 170.0, 171.0, 170.0, 172.0, 176.0, 173.0, 170.0, 172.0, 172.0, 173.0, 172.0, 172.0, 170.0, 172.0, 174.0, 172.0, 173.0, 172.0, 172.0, 173.0, 180.0]}