{"median": [185.0, 183.0, 181.0, 195.0, 192.0, 204.0, 229.0, 259.5, 260.0, 255.0, 255.0, 256.0, 256.0, 256.0, 256.0, 250.0, 257.0, 256.0, 255.0, 258.0, 255.0, 255.0, 255.0, 247.5, 256.0, 257.0, 257.0, 261.0, 257.0, 255.0, 256.0, 249.0], "stdev": [], "mean": [185.0, 183.0, 181.0, 195.0, 192.0, 203.66666666666666, 229.42857142857142, 259.5, 251.55555555555554, 244.4, 234.9090909090909, 244.25, 233.15384615384616, 235.57142857142858, 242.6, 250.0625, 253.0, 250.55555555555554, 244.73684210526315, 250.1, 240.9047619047619, 242.5909090909091, 246.7391304347826, 247.125, 253.28, 252.1153846153846, 249.40740740740742, 254.07142857142858, 246.82758620689654, 245.36666666666667, 249.32258064516128, 249.125], "nof_blocks": [1, 2, 3, 4, 5, 6, 7, 8, 9, 10, 11, 12, 13, 14, 15, 16, 17, 18, 19, 20, 21, 22, 23, 24, 25, 26, 27, 28, 29, 30, 31, 32], "max": [185.0, 184.0, 181.0, 200.0, 192.0, 204.0, 230.0, 264.0, 260.0, 257.0, 256.0, 261.0, 256.0, 257.0, 256.0, 251.0, 258.0, 260.0, 257.0, 260.0, 256.0, 258.0, 256.0, 290.0, 257.0, 257.0, 262.0, 262.0, 259.0, 257.0, 256.0, 250.0], "min": [185.0, 182.0, 181.0, 190.0, 192.0, 203.0, 229.0, 255.0, 184.0, 198.0, 181.0, 215.0, 179.0, 200.0, 225.0, 249.0, 185.0, 197.0, 186.0, 216.0, 183.0, 200.0, 226.0, 190.0, 187.0, 195.0, 179.0, 214.0, 182.0, 198.0, 227.0, 247.0]}