{"median": [174.0, 174.5, 173.0, 178.0, 174.0, 173.5, 175.0, 182.5, 176.0, 176.5, 176.0, 179.0, 179.0, 179.0, 180.0, 194.0, 182.0, 184.5, 185.0, 188.5, 191.0, 196.0, 200.0, 204.0, 209.0, 213.0, 220.0, 229.0, 234.0, 238.0, 247.0, 264.5], "stdev": [], "mean": [174.0, 174.5, 173.0, 178.0, 174.0, 173.5, 175.0, 182.5, 176.0, 176.5, 176.0, 179.0, 179.0, 179.14285714285714, 179.86666666666667, 194.0625, 182.0, 184.5, 184.52631578947367, 188.5, 191.0, 196.0, 199.52173913043478, 204.0, 209.0, 213.46153846153845, 220.0, 229.0, 234.17241379310346, 238.4, 247.0, 264.875], "nof_blocks": [1, 2, 3, 4, 5, 6, 7, 8, 9, 10, 11, 12, 13, 14, 15, 16, 17, 18, 19, 20, 21, 22, 23, 24, 25, 26, 27, 28, 29, 30, 31, 32], "max": [174.0, 175.0, 173.0, 178.0, 174.0, 174.0, 175.0, 183.0, 176.0, 178.0, 176.0, 179.0, 179.0, 180.0, 180.0, 195.0, 182.0, 185.0, 185.0, 189.0, 191.0, 196.0, 200.0, 205.0, 209.0, 214.0, 220.0, 229.0, 235.0, 239.0, 247.0, 266.0], "min": [174.0, 174.0, 173.0, 178.0, 174.0, 173.0, 175.0, 182.0, 176.0, 175.0, 176.0, 179.0, 179.0, 179.0, 179.0, 194.0, 182.0, 184.0, 184.0, 188.0, 191.0, 196.0, 199.0, 203.0, 209.0, 213.0, 220.0, 229.0, 234.0, 238.0, 247.0, 264.0]}