{"median": [177.0, 178.5, 175.0, 182.5, 177.0, 179.0, 180.0, 191.5, 184.0, 188.5, 195.0, 206.0, 213.0, 229.5, 239.0, 259.0, 254.0, 259.0, 256.0, 257.0, 256.0, 254.0, 258.0, 253.0, 258.0, 252.0, 257.0, 258.0, 256.0, 257.0, 255.0, 251.0], "stdev": [], "mean": [177.0, 178.5, 175.0, 182.75, 177.0, 179.16666666666666, 180.0, 191.5, 184.0, 188.5, 195.0, 206.0, 213.0, 229.5, 239.0, 258.5625, 249.52941176470588, 251.88888888888889, 243.8421052631579, 245.4, 239.14285714285714, 236.72727272727272, 236.69565217391303, 243.95833333333334, 235.16, 231.46153846153845, 231.66666666666666, 236.28571428571428, 236.86206896551724, 243.8, 248.0, 251.25], "nof_blocks": [1, 2, 3, 4, 5, 6, 7, 8, 9, 10, 11, 12, 13, 14, 15, 16, 17, 18, 19, 20, 21, 22, 23, 24, 25, 26, 27, 28, 29, 30, 31, 32], "max": [177.0, 179.0, 175.0, 186.0, 177.0, 181.0, 180.0, 198.0, 184.0, 190.0, 195.0, 206.0, 213.0, 230.0, 239.0, 263.0, 254.0, 261.0, 256.0, 257.0, 258.0, 256.0, 258.0, 259.0, 259.0, 256.0, 257.0, 258.0, 256.0, 259.0, 256.0, 252.0], "min": [177.0, 178.0, 175.0, 180.0, 177.0, 178.0, 180.0, 185.0, 184.0, 187.0, 195.0, 206.0, 213.0, 229.0, 239.0, 254.0, 178.0, 187.0, 179.0, 199.0, 182.0, 188.0, 188.0, 219.0, 178.0, 181.0, 192.0, 200.0, 209.0, 226.0, 240.0, 251.0]}