{"median": [195.0, 192.0, 208.0, 261.5, 256.0, 257.0, 256.0, 249.0, 257.0, 257.0, 255.0, 259.0, 255.0, 260.0, 255.0, 249.0, 255.0, 260.0, 257.0, 258.0, 255.0, 261.0, 255.0, 249.0, 255.0, 259.0, 257.0, 259.0, 257.0, 257.0, 257.0, 249.0], "stdev": [], "mean": [195.0, 192.0, 206.33333333333334, 261.5, 244.2, 245.0, 234.85714285714286, 249.25, 249.44444444444446, 248.6, 241.63636363636363, 258.8333333333333, 250.6153846153846, 254.71428571428572, 244.86666666666667, 249.0625, 251.35294117647058, 255.22222222222223, 250.0, 258.5, 251.85714285714286, 256.90909090909093, 248.91304347826087, 249.125, 253.0, 254.80769230769232, 251.66666666666666, 258.60714285714283, 254.6551724137931, 254.6, 252.51612903225808, 249.0], "nof_blocks": [1, 2, 3, 4, 5, 6, 7, 8, 9, 10, 11, 12, 13, 14, 15, 16, 17, 18, 19, 20, 21, 22, 23, 24, 25, 26, 27, 28, 29, 30, 31, 32], "max": [195.0, 194.0, 209.0, 262.0, 256.0, 258.0, 256.0, 250.0, 257.0, 258.0, 256.0, 265.0, 256.0, 261.0, 255.0, 250.0, 255.0, 263.0, 262.0, 264.0, 255.0, 269.0, 256.0, 250.0, 256.0, 260.0, 259.0, 264.0, 257.0, 258.0, 259.0, 250.0], "min": [195.0, 190.0, 202.0, 261.0, 197.0, 220.0, 198.0, 249.0, 192.0, 213.0, 197.0, 251.0, 194.0, 223.0, 201.0, 246.0, 194.0, 221.0, 200.0, 246.0, 192.0, 195.0, 201.0, 246.0, 196.0, 210.0, 202.0, 234.0, 195.0, 221.0, 201.0, 243.0]}