{"min": [146.0, 146.0, 146.0, 146.0, 145.0, 145.0, 145.0, 145.0, 145.0, 145.0, 145.0, 145.0, 145.0, 145.0, 145.0, 145.0, 145.0, 145.0, 145.0, 145.0, 146.0, 146.0, 146.0, 146.0, 146.0, 146.0, 146.0, 146.0, 146.0, 146.0, 146.0, 146.0, 146.0, 146.0, 146.0, 146.0, 146.0, 146.0, 146.0, 146.0, 146.0, 146.0, 146.0, 146.0, 146.0, 146.0, 146.0, 146.0, 146.0, 146.0, 147.0, 156.0, 146.0, 152.0, 146.0, 147.0, 147.0, 158.0, 147.0, 160.0, 160.0, 160.0, 159.0, 160.0], "mean": [146.0, 147.0, 146.66666666666666, 146.75, 148.26, 146.66666666666666, 146.57142857142858, 146.5, 146.33333333333334, 146.5, 146.45454545454547, 146.275, 146.42307692307693, 146.7, 146.64666666666668, 146.625, 146.41176470588235, 146.5, 146.47368421052633, 146.5, 146.71428571428572, 146.77272727272728, 146.7391304347826, 146.75, 146.72, 146.76923076923077, 146.74074074074073, 146.75, 146.72413793103448, 146.76666666666668, 147.0, 147.0, 146.96969696969697, 147.23529411764707, 147.22857142857143, 147.00277777777777, 146.9756756756757, 147.0, 147.0, 147.0025, 146.9780487804878, 147.0, 147.0, 147.00227272727273, 146.98222222222222, 147.0, 147.00425531914894, 147.05208333333334, 150.29387755102042, 153.466, 156.67450980392158, 159.86346153846154, 158.73207547169812, 160.13703703703703, 156.65636363636364, 155.5375, 155.9280701754386, 161.45344827586206, 160.38305084745764, 162.33333333333334, 162.27868852459017, 162.39354838709679, 162.48730158730157, 162.8453125], "nof_threads": [1, 2, 3, 4, 5, 6, 7, 8, 9, 10, 11, 12, 13, 14, 15, 16, 17, 18, 19, 20, 21, 22, 23, 24, 25, 26, 27, 28, 29, 30, 31, 32, 33, 34, 35, 36, 37, 38, 39, 40, 41, 42, 43, 44, 45, 46, 47, 48, 49, 50, 51, 52, 53, 54, 55, 56, 57, 58, 59, 60, 61, 62, 63, 64], "max": [146.0, 148.0, 148.0, 148.0, 167.0, 148.0, 148.0, 148.0, 148.0, 148.0, 148.0, 148.0, 148.0, 148.0, 148.0, 148.0, 148.0, 148.0, 148.0, 148.0, 148.0, 148.0, 148.0, 148.0, 148.0, 148.0, 148.0, 148.0, 148.0, 148.0, 148.0, 148.0, 148.0, 148.0, 148.0, 148.0, 148.0, 148.0, 148.0, 148.0, 148.0, 148.0, 148.0, 148.0, 148.0, 148.0, 148.0, 148.0, 161.0, 163.0, 163.0, 163.0, 163.0, 164.0, 163.0, 163.0, 162.0, 165.0, 165.0, 165.0, 165.0, 165.0, 165.0, 165.0], "median": [146.0, 147.0, 146.0, 146.5, 146.0, 147.0, 146.0, 146.5, 146.0, 146.5, 146.0, 146.5, 146.0, 146.5, 146.0, 146.5, 146.0, 146.5, 146.0, 146.5, 146.0, 146.5, 146.0, 146.5, 146.0, 146.5, 146.0, 146.5, 146.0, 146.5, 147.0, 147.0, 147.0, 147.5, 147.0, 147.0, 147.0, 147.0, 147.0, 147.0, 147.0, 147.0, 147.0, 147.0, 147.0, 147.0, 147.0, 147.0, 148.0, 156.5, 159.0, 160.0, 160.0, 160.0, 160.0, 159.0, 160.0, 161.0, 162.0, 162.0, 162.0, 162.0, 162.0, 163.0], "stdev": [0.0, 1.025978352085154, 0.9589266029707683, 0.8397191227596316, 6.343275404484883, 1.385966794263939, 1.3029668327658173, 1.125087900926024, 1.1611694995742754, 1.2102257907706582, 1.1623794295676009, 0.8692941210588986, 0.6453817404731835, 0.9796490342034883, 0.9702740681569345, 0.9952718411247498, 1.1440002239319806, 1.1699209733135323, 1.1440400450233803, 1.1208395991555509, 0.8267569167031341, 0.8510975016081703, 0.8471576573752916, 0.8308890232983325, 0.8272468491312556, 0.8477857740848915, 0.8445140083088809, 0.8306408114859836, 0.8275762637114965, 0.8453426739159492, 0.7195827629611544, 0.708214231796511, 0.7181895714065414, 0.8434660731081423, 0.8322205696479938, 0.7100496711061451, 0.7190423492039458, 0.726432712292148, 0.7170347393820747, 0.7097556853115586, 0.717920181056155, 0.7246100095024369, 0.7161148740394329, 0.7095151016269748, 0.7186007465294239, 0.7231015260621872, 0.7183128321734455, 0.7419687131740516, 5.384914479567502, 6.825394935977267, 5.779845856818968, 1.4540527173648972, 4.406121089651884, 2.105677130220424, 6.568131473371905, 5.820390488470911, 5.984756687927749, 1.5324600108035602, 4.547323418128186, 1.3057809906520066, 1.08021690245716, 1.2257167587889422, 1.4194864679132702, 1.2432515407526044]}