{"nof_threads": [1, 2, 3, 4, 5, 6, 7, 8, 9, 10, 11, 12, 13, 14, 15, 16, 17, 18, 19, 20, 21, 22, 23, 24, 25, 26, 27, 28, 29, 30, 31, 32], "stdev": [0.0, 1.0007821667210688, 0.8169221720855953, 0.707383156722286, 3.1320490229123497, 1.842806387825912, 1.2939153009266309, 0.8293181896188392, 0.6483771150583615, 1.569193898301217, 1.6782192806709921, 1.3643013052753161, 1.152059948748736, 1.707004599273944, 1.18912906048244, 1.6911338151599642, 1.7931635071388563, 2.374678145291238, 2.3141908247464147, 0.7068791089706724, 0.8196621308994818, 0.8885919364615492, 0.5666588295919168, 4.420286531526281, 4.462701587960246, 4.544949460722882, 1.1757475154829675, 1.2866588075542444, 0.9223845326561855, 2.4406439142683567, 1.6882639879384473, 2.137238831582686], "min": [149.0, 149.0, 149.0, 149.0, 150.0, 149.0, 150.0, 152.0, 153.0, 150.0, 150.0, 152.0, 153.0, 153.0, 154.0, 154.0, 154.0, 154.0, 154.0, 156.0, 157.0, 157.0, 157.0, 150.0, 150.0, 150.0, 159.0, 159.0, 160.0, 157.0, 159.0, 158.0], "median": [149.0, 150.0, 150.0, 150.0, 152.0, 152.0, 153.0, 153.5, 154.0, 154.0, 154.0, 154.0, 154.0, 155.5, 156.0, 157.5, 157.0, 157.5, 158.0, 158.0, 158.0, 159.0, 159.0, 158.0, 159.0, 159.0, 161.0, 161.5, 161.0, 160.0, 161.0, 161.5], "max": [149.0, 151.0, 151.0, 151.0, 162.0, 154.0, 154.0, 154.0, 155.0, 155.0, 156.0, 157.0, 157.0, 158.0, 158.0, 159.0, 159.0, 161.0, 161.0, 159.0, 159.0, 160.0, 160.0, 162.0, 162.0, 163.0, 163.0, 163.0, 163.0, 164.0, 164.0, 164.0], "mean": [149.0, 150.0, 150.0, 150.0, 152.42, 151.85, 152.57142857142858, 153.25, 153.95555555555555, 153.28, 153.8272727272727, 154.15, 154.5, 155.35, 155.86, 157.125, 156.9470588235294, 157.52777777777777, 157.64736842105262, 157.48, 158.06666666666666, 158.62272727272727, 158.97391304347826, 157.11666666666667, 157.472, 157.72307692307692, 160.8, 161.04285714285714, 161.35862068965517, 160.64333333333335, 161.41935483870967, 161.0875]}