{"median": [144.0, 145.0, 145.0, 145.5, 147.0, 147.0, 147.0, 148.0, 148.0, 148.0, 148.0, 149.0, 150.0, 151.0, 151.0, 150.5, 152.0, 152.0, 152.0, 153.0, 153.0, 153.0, 154.0, 154.5, 154.0, 155.0, 155.0, 155.5, 155.0, 155.0, 155.0, 155.0], "min": [144.0, 144.0, 144.0, 144.0, 145.0, 145.0, 145.0, 146.0, 147.0, 145.0, 145.0, 145.0, 145.0, 144.0, 144.0, 144.0, 144.0, 144.0, 144.0, 151.0, 150.0, 150.0, 150.0, 150.0, 153.0, 154.0, 154.0, 154.0, 154.0, 153.0, 152.0, 153.0], "nof_threads": [1, 2, 3, 4, 5, 6, 7, 8, 9, 10, 11, 12, 13, 14, 15, 16, 17, 18, 19, 20, 21, 22, 23, 24, 25, 26, 27, 28, 29, 30, 31, 32], "stdev": [0.0, 1.025978352085154, 0.8304547985373997, 0.8397191227596316, 5.767608353767529, 1.474836005438521, 1.3042374004326707, 0.8282014981385794, 0.5587796583777268, 1.47832829420753, 1.7371234839043375, 1.9443230587694897, 2.195295017684195, 3.014277433830314, 2.9944691745923673, 3.123499639827096, 3.2508533244792983, 3.3143032201180938, 3.2142860237012134, 1.17809786217628, 1.3274191000978648, 1.6959894577395822, 1.6711628486641477, 1.7916395022429068, 0.6389750829465152, 1.2065064673087567, 1.1019864906280121, 1.182111937539125, 1.0023239908588615, 1.3396283948705203, 1.3160377346135708, 1.440785226522509], "max": [144.0, 146.0, 146.0, 146.0, 165.0, 149.0, 149.0, 149.0, 149.0, 150.0, 150.0, 151.0, 151.0, 153.0, 153.0, 153.0, 153.0, 154.0, 154.0, 154.0, 154.0, 155.0, 155.0, 155.0, 155.0, 158.0, 158.0, 157.0, 157.0, 157.0, 157.0, 157.0], "mean": [144.0, 145.0, 145.0, 145.25, 148.8, 147.16666666666666, 147.45714285714286, 147.8125, 148.4111111111111, 147.42, 147.97272727272727, 148.46666666666667, 149.30769230769232, 149.97857142857143, 149.86, 149.56875, 150.0, 150.25555555555556, 150.68947368421053, 152.595, 152.46666666666667, 152.98181818181817, 153.33913043478262, 153.69166666666666, 154.312, 155.13846153846154, 155.22222222222223, 155.47857142857143, 155.58620689655172, 154.89333333333335, 155.1483870967742, 155.425]}