{"median": [165.0, 166.0, 165.0, 162.0, 160.0, 160.0, 158.0, 158.5, 160.0, 162.0, 162.0, 162.0, 161.0, 162.0, 162.0, 162.0, 162.0, 163.0, 163.0, 162.0, 162.0, 162.5, 162.0, 162.5, 162.0, 163.0, 163.0, 162.5, 163.0, 163.0, 162.0, 162.5, 163.0, 163.0, 163.0, 163.0, 163.0, 163.0, 162.0, 162.5, 163.0, 163.0, 163.0, 163.0, 163.0, 163.0, 163.0, 163.0, 163.0, 163.0, 163.0, 163.0, 163.0, 163.0, 163.0, 163.5, 164.0, 164.0, 164.0, 164.0, 164.0, 164.0, 164.0, 164.0], "nof_threads": [1, 2, 3, 4, 5, 6, 7, 8, 9, 10, 11, 12, 13, 14, 15, 16, 17, 18, 19, 20, 21, 22, 23, 24, 25, 26, 27, 28, 29, 30, 31, 32, 33, 34, 35, 36, 37, 38, 39, 40, 41, 42, 43, 44, 45, 46, 47, 48, 49, 50, 51, 52, 53, 54, 55, 56, 57, 58, 59, 60, 61, 62, 63, 64], "stdev": [0.0, 1.025978352085154, 1.2685406585123122, 2.281334517226086, 2.9554515522253144, 3.1701289428230353, 2.6558658076803874, 1.125087900926024, 2.1329412092805535, 2.9647082401974987, 1.8891066504075003, 1.8615225237537623, 2.791171446566193, 2.2359645598369546, 1.1740863457189081, 1.631259111639894, 2.0401128801785746, 2.4049658949615056, 1.2027653090897044, 1.6374695516751805, 1.4962853678452506, 1.1761077994096867, 1.1625443639446016, 1.1203705304599065, 1.1021410342772613, 1.1643654734433495, 1.1526717104824322, 1.1379727935469488, 1.165368508621939, 1.1492035921981232, 1.1539815649929892, 1.1197850219117087, 1.1036751887916307, 1.2420805872889833, 1.156589620277622, 1.0068436512377477, 1.1537518530691129, 1.2037615211286805, 1.1906768760288748, 1.1260305778065658, 1.0971123711329471, 1.3303929676401642, 1.1590606949528075, 1.2036047190564412, 1.2574627513949492, 1.1459616877656318, 1.1860249466086847, 1.2056971579726043, 1.1540154229229604, 1.2128553236359827, 1.1351453779513554, 1.125785465961341, 1.1425004474978224, 1.143662534875686, 1.1271080597003247, 1.1190335723100833, 1.1026619937175821, 1.3089258496477651, 1.1632879074929214, 1.2666157767359685, 1.14918685782488, 1.1716552691057305, 1.1115627315450718, 1.0903965750695102], "min": [165.0, 165.0, 164.0, 160.0, 157.0, 157.0, 157.0, 157.0, 157.0, 157.0, 159.0, 159.0, 157.0, 157.0, 161.0, 157.0, 157.0, 157.0, 161.0, 159.0, 159.0, 161.0, 161.0, 161.0, 161.0, 161.0, 161.0, 161.0, 161.0, 161.0, 161.0, 161.0, 161.0, 161.0, 161.0, 161.0, 161.0, 161.0, 161.0, 161.0, 161.0, 161.0, 161.0, 161.0, 161.0, 161.0, 161.0, 161.0, 161.0, 161.0, 161.0, 162.0, 162.0, 162.0, 162.0, 162.0, 162.0, 162.0, 162.0, 162.0, 162.0, 162.0, 162.0, 162.0], "mean": [165.0, 166.0, 165.33333333333334, 162.225, 159.8, 160.53333333333333, 159.3, 158.5, 159.96666666666667, 161.28, 162.1909090909091, 162.11666666666667, 160.3923076923077, 161.47857142857143, 162.47333333333333, 162.175, 161.83529411764707, 162.12222222222223, 162.67894736842106, 162.11, 162.21904761904761, 162.51818181818183, 162.50434782608696, 162.5, 162.488, 162.58461538461538, 162.5185185185185, 162.55, 162.50689655172414, 162.52, 162.50645161290322, 162.5, 162.57272727272726, 162.70294117647057, 162.74285714285713, 162.73611111111111, 162.55945945945945, 162.67631578947368, 162.57179487179488, 162.515, 162.64146341463416, 162.82142857142858, 162.96046511627907, 162.9909090909091, 162.9911111111111, 163.16304347826087, 163.168085106383, 163.2125, 163.31224489795918, 163.382, 163.4156862745098, 163.4346153846154, 163.4132075471698, 163.4962962962963, 163.48909090909092, 163.5, 163.63684210526316, 163.79655172413794, 163.90847457627117, 164.005, 164.11967213114755, 164.2483870967742, 164.34920634920636, 164.3734375], "max": [165.0, 167.0, 167.0, 165.0, 165.0, 166.0, 166.0, 160.0, 163.0, 165.0, 165.0, 165.0, 165.0, 164.0, 164.0, 164.0, 165.0, 165.0, 165.0, 164.0, 164.0, 164.0, 164.0, 164.0, 164.0, 165.0, 165.0, 164.0, 164.0, 164.0, 164.0, 164.0, 164.0, 165.0, 165.0, 164.0, 164.0, 164.0, 164.0, 165.0, 164.0, 165.0, 165.0, 165.0, 165.0, 165.0, 165.0, 165.0, 165.0, 165.0, 166.0, 165.0, 165.0, 165.0, 165.0, 165.0, 165.0, 166.0, 166.0, 166.0, 166.0, 166.0, 166.0, 166.0]}