{"stdev": [0.0, 1.025978352085154, 1.2685406585123122, 0.8397191227596316, 7.941006978761239, 1.3550491474815205, 1.3029668327658173, 1.125087900926024, 1.2974574194577129, 1.1816783134015942, 1.2020624478122452, 1.1922955285712433, 1.206225157007486, 1.1844313816518568, 1.150819181049758, 1.1215443081840886, 1.0942370316880972, 1.1197676446039706, 1.1440400450233803, 1.1637316515348028, 1.1827729812891883, 1.1606170615109532, 1.139584127676251, 1.1203705304599065, 1.1020244241056099, 1.119527245466252, 1.136431850555459, 1.1510363993491812, 1.1652609982873274, 1.1493781945529122, 1.134084114787479, 1.1197850219117087], "mean": [163.0, 164.0, 163.33333333333334, 163.25, 166.04, 162.83333333333334, 162.57142857142858, 162.5, 162.04444444444445, 161.76, 161.5, 161.41666666666666, 161.30769230769232, 161.5, 161.46666666666667, 161.5, 161.47058823529412, 161.55555555555554, 161.47368421052633, 161.55, 161.47619047619048, 161.5, 161.47826086956522, 161.5, 161.48, 161.53846153846155, 161.4814814814815, 161.53571428571428, 161.48275862068965, 161.5, 161.48387096774192, 161.5], "nof_threads": [1, 2, 3, 4, 5, 6, 7, 8, 9, 10, 11, 12, 13, 14, 15, 16, 17, 18, 19, 20, 21, 22, 23, 24, 25, 26, 27, 28, 29, 30, 31, 32], "min": [163.0, 163.0, 162.0, 162.0, 161.0, 161.0, 161.0, 161.0, 160.0, 160.0, 160.0, 160.0, 160.0, 160.0, 160.0, 160.0, 160.0, 160.0, 160.0, 160.0, 160.0, 160.0, 160.0, 160.0, 160.0, 160.0, 160.0, 160.0, 160.0, 160.0, 160.0, 160.0], "max": [163.0, 165.0, 165.0, 164.0, 189.0, 164.0, 164.0, 164.0, 164.0, 163.0, 163.0, 163.0, 163.0, 163.0, 163.0, 163.0, 163.0, 163.0, 163.0, 163.0, 163.0, 163.0, 163.0, 163.0, 163.0, 163.0, 163.0, 163.0, 163.0, 163.0, 163.0, 163.0], "median": [163.0, 164.0, 163.0, 163.5, 164.0, 163.5, 162.0, 162.5, 161.0, 161.5, 161.0, 161.0, 161.0, 161.5, 161.0, 161.5, 161.0, 161.5, 161.0, 161.5, 161.0, 161.5, 161.0, 161.5, 161.0, 161.5, 161.0, 161.5, 161.0, 161.5, 161.0, 161.5]}