{"nof_threads": [1, 2, 3, 4, 5, 6, 7, 8, 9, 10, 11, 12, 13, 14, 15, 16, 17, 18, 19, 20, 21, 22, 23, 24, 25, 26, 27, 28, 29, 30, 31, 32], "max": [220.0, 225.0, 225.0, 240.0, 224.0, 226.0, 227.0, 227.0, 227.0, 228.0, 228.0, 241.0, 242.0, 243.0, 246.0, 257.0, 301.0, 305.0, 310.0, 368.0, 369.0, 374.0, 378.0, 386.0, 447.0, 449.0, 451.0, 517.0, 515.0, 515.0, 516.0, 516.0], "stdev": [0.0, 2.0015643334421376, 1.2478692301566603, 4.980901758712499, 0.7840817815445618, 1.4228097911977158, 1.297775509189337, 0.99392449055596, 1.2165607542152148, 0.6353944951180984, 0.9327374898579114, 6.438229141443211, 6.665270228158957, 6.216194512671957, 3.06177103938514, 1.5420649941493694, 18.992219534383494, 18.211314945689374, 11.098710201040609, 31.589307042493193, 34.47835109508519, 22.186478715354443, 16.078022189340633, 1.5442426965750076, 27.70686483156926, 31.491634267538018, 25.291753357902707, 44.43751554463017, 50.110032564107264, 32.19528753129619, 25.955476033216677, 2.2935809822291358], "median": [220.0, 223.0, 223.0, 224.0, 223.0, 224.5, 225.0, 225.5, 225.0, 226.5, 227.0, 227.5, 241.0, 242.0, 244.0, 254.0, 260.0, 301.5, 307.0, 310.0, 366.0, 365.0, 376.0, 384.0, 384.0, 431.0, 445.0, 446.0, 487.0, 489.0, 511.0, 513.0], "min": [220.0, 221.0, 222.0, 222.0, 222.0, 222.0, 223.0, 223.0, 224.0, 226.0, 226.0, 226.0, 227.0, 229.0, 237.0, 253.0, 258.0, 265.0, 280.0, 282.0, 284.0, 327.0, 335.0, 381.0, 380.0, 381.0, 385.0, 385.0, 384.0, 443.0, 448.0, 509.0], "mean": [220.0, 223.0, 223.33333333333334, 225.4, 223.16, 223.9, 224.72857142857143, 225.25, 225.62222222222223, 226.58, 226.94545454545454, 231.6, 236.2153846153846, 236.84285714285716, 243.08666666666667, 254.85, 271.51176470588234, 287.10555555555555, 301.8315789473684, 321.54, 338.6142857142857, 351.8909090909091, 367.04347826086956, 383.625, 400.24, 416.30384615384617, 431.3296296296296, 449.7214285714286, 465.4068965517241, 480.09, 495.93870967741935, 512.8]}