{"mean": [205.0, 208.0, 206.33333333333334, 209.475, 209.8, 211.33333333333334, 212.71428571428572, 214.2, 214.72222222222223, 215.66, 216.36363636363637, 215.075, 217.1, 216.65, 218.77333333333334, 220.93125, 230.78823529411764, 232.23888888888888, 246.73157894736843, 255.75, 266.3142857142857, 287.22727272727275, 303.46521739130435, 302.075, 316.368, 343.25, 341.64444444444445, 361.6, 382.9413793103448, 394.9066666666667, 407.6161290322581, 435.325], "min": [205.0, 205.0, 203.0, 198.0, 206.0, 206.0, 206.0, 210.0, 213.0, 213.0, 214.0, 213.0, 213.0, 214.0, 215.0, 218.0, 219.0, 221.0, 225.0, 229.0, 227.0, 231.0, 231.0, 242.0, 245.0, 246.0, 246.0, 288.0, 284.0, 284.0, 289.0, 378.0], "nof_threads": [1, 2, 3, 4, 5, 6, 7, 8, 9, 10, 11, 12, 13, 14, 15, 16, 17, 18, 19, 20, 21, 22, 23, 24, 25, 26, 27, 28, 29, 30, 31, 32], "median": [205.0, 208.0, 205.0, 212.0, 208.0, 213.0, 214.0, 214.0, 215.0, 215.5, 217.0, 215.0, 217.0, 217.0, 219.0, 221.0, 221.0, 227.0, 250.0, 258.0, 257.5, 300.0, 321.0, 309.5, 308.0, 355.0, 358.0, 373.5, 382.0, 394.0, 428.0, 441.5], "max": [205.0, 211.0, 211.0, 227.0, 214.0, 215.0, 216.0, 216.0, 216.0, 218.0, 219.0, 217.0, 222.0, 219.0, 222.0, 226.0, 261.0, 251.0, 274.0, 281.0, 339.0, 338.0, 334.0, 341.0, 402.0, 402.0, 391.0, 394.0, 460.0, 467.0, 467.0, 474.0], "stdev": [0.0, 3.002346500163206, 3.4011182196812095, 7.289779922696213, 2.9808645509179588, 3.2084654396890966, 2.804413580847934, 1.5201653516528284, 0.9194320282245475, 1.4089074912319972, 1.7308646475439644, 1.8628684114602014, 2.256374049639703, 1.3253163759329853, 1.579812915843448, 1.3282951632197326, 15.635182011719237, 10.10828065927104, 17.282276315849202, 18.23703558981654, 41.66199012445091, 39.71992507932866, 38.11439411048071, 31.918678411151674, 54.4740259521722, 52.177575057325576, 44.85295873798102, 28.362471332896703, 47.84275726156164, 45.728500719271715, 47.321661776496455, 22.887125842896246]}