{"mean": [168.0, 169.0, 168.33333333333334, 168.25, 167.6, 167.83333333333334, 167.28571428571428, 167.5, 167.42222222222222, 167.46, 167.21818181818182, 167.18333333333334, 166.8, 166.81428571428572, 166.6, 166.5125, 166.6529411764706, 166.88888888888889, 166.94736842105263, 167.15, 167.1238095238095, 167.27272727272728, 167.12608695652173, 167.21666666666667, 167.28, 167.2153846153846, 167.0074074074074, 167.15357142857144, 167.17241379310346, 167.07666666666665, 167.2290322580645, 167.271875], "stdev": [0.0, 1.0007821667210688, 1.2478692301566603, 0.8294802766309644, 1.3568900910536195, 1.3440596858464269, 1.4849464761848907, 1.1182524187585727, 1.0852155876844516, 1.0994442882859965, 1.2314478760593497, 1.1619267635879633, 1.2974905033006314, 1.268355800894003, 1.2544565275099722, 1.1068346868562309, 1.0752828949315913, 1.3288109913055721, 1.1910146334136986, 1.3519562091645838, 1.2851395410054522, 1.2425864050655187, 1.3078308109739865, 1.1415889130255426, 1.2106953468576902, 1.1231444217651516, 1.0784445765558002, 1.2879222807008828, 1.205482765636681, 0.9954356367021839, 0.9980138916689749, 0.9574959610776577], "median": [168.0, 169.0, 168.0, 168.5, 168.0, 168.5, 166.0, 167.5, 167.0, 167.5, 167.0, 167.5, 167.0, 167.0, 166.0, 166.5, 167.0, 167.0, 167.0, 167.0, 167.0, 167.0, 167.0, 167.0, 167.0, 167.0, 167.0, 167.0, 167.0, 167.0, 167.0, 167.0], "min": [168.0, 168.0, 167.0, 167.0, 166.0, 166.0, 166.0, 166.0, 166.0, 166.0, 165.0, 165.0, 165.0, 165.0, 165.0, 165.0, 165.0, 165.0, 165.0, 165.0, 165.0, 165.0, 165.0, 165.0, 165.0, 165.0, 165.0, 165.0, 166.0, 166.0, 165.0, 165.0], "nof_threads": [1, 2, 3, 4, 5, 6, 7, 8, 9, 10, 11, 12, 13, 14, 15, 16, 17, 18, 19, 20, 21, 22, 23, 24, 25, 26, 27, 28, 29, 30, 31, 32], "max": [168.0, 170.0, 170.0, 169.0, 169.0, 169.0, 169.0, 169.0, 169.0, 169.0, 169.0, 169.0, 169.0, 169.0, 168.0, 168.0, 168.0, 169.0, 169.0, 169.0, 169.0, 169.0, 169.0, 169.0, 169.0, 169.0, 169.0, 169.0, 169.0, 169.0, 169.0, 169.0]}