{"median": [7821.0, 4607.5, 3943.0, 3291.5, 2904.0, 2658.0, 3018.0, 1841.0, 1273.0, 1187.5, 1188.0, 1050.5, 964.0, 832.0, 867.0, 829.5, 804.0, 815.0, 790.0, 774.5, 714.0, 603.5, 614.0, 515.0, 526.0, 585.5, 562.0, 581.5, 509.0, 546.5, 547.0, 529.0], "mean": [7821.0, 4607.5, 3938.6666666666665, 3306.25, 2645.0, 2231.0, 2357.0, 1773.625, 1568.3333333333333, 1437.7, 1452.8181818181818, 1306.0833333333333, 1179.1538461538462, 1100.0, 1136.6, 1052.75, 952.0588235294117, 911.5, 884.3157894736842, 851.85, 868.2857142857143, 875.3636363636364, 778.2608695652174, 811.2083333333334, 734.12, 799.6923076923077, 695.4444444444445, 746.7142857142857, 660.6896551724138, 717.7666666666667, 691.483870967742, 673.96875], "stdev": [], "nof_blocks": [1, 2, 3, 4, 5, 6, 7, 8, 9, 10, 11, 12, 13, 14, 15, 16, 17, 18, 19, 20, 21, 22, 23, 24, 25, 26, 27, 28, 29, 30, 31, 32], "max": [7821.0, 4628.0, 4273.0, 3387.0, 2956.0, 2713.0, 3349.0, 2216.0, 2155.0, 2198.0, 2249.0, 2190.0, 1941.0, 1875.0, 2276.0, 1779.0, 1624.0, 1576.0, 1654.0, 1630.0, 1988.0, 2089.0, 1629.0, 2049.0, 1716.0, 2056.0, 1620.0, 2003.0, 1670.0, 1977.0, 2007.0, 1729.0], "min": [7821.0, 4587.0, 3600.0, 3255.0, 1516.0, 1318.0, 1149.0, 1275.0, 833.0, 878.0, 794.0, 645.0, 648.0, 668.0, 647.0, 732.0, 428.0, 435.0, 414.0, 408.0, 391.0, 400.0, 426.0, 422.0, 412.0, 453.0, 428.0, 413.0, 412.0, 470.0, 410.0, 410.0]}