{"median": [53605.0, 27385.5, 18762.0, 14301.5, 11930.0, 10025.5, 8681.0, 7770.0, 7079.0, 6633.5, 6074.0, 5575.0, 5384.0, 5135.0, 5124.0, 4579.5, 4402.0, 4253.0, 4129.0, 3959.5, 3782.0, 3751.5, 3616.0, 4008.0, 3491.0, 3809.0, 3243.0, 3592.0, 3268.0, 3662.0, 3529.0, 3505.0], "mean": [53605.0, 27385.5, 18797.666666666668, 14312.5, 11951.4, 9997.333333333334, 8732.857142857143, 7674.25, 7121.222222222223, 6613.4, 6081.727272727273, 5602.0, 5378.153846153846, 5120.714285714285, 5143.4, 4584.375, 4422.117647058823, 4287.833333333333, 4131.421052631579, 3930.3, 3811.190476190476, 3707.6363636363635, 3635.1304347826085, 3947.75, 3500.2, 3775.1153846153848, 3302.4444444444443, 3608.6071428571427, 3230.655172413793, 3591.5666666666666, 3563.548387096774, 3506.09375], "stdev": [], "nof_blocks": [1, 2, 3, 4, 5, 6, 7, 8, 9, 10, 11, 12, 13, 14, 15, 16, 17, 18, 19, 20, 21, 22, 23, 24, 25, 26, 27, 28, 29, 30, 31, 32], "max": [53605.0, 27518.0, 18911.0, 14427.0, 12079.0, 10101.0, 8865.0, 7815.0, 7290.0, 6757.0, 6229.0, 5713.0, 5517.0, 5335.0, 5387.0, 4718.0, 4568.0, 4469.0, 4265.0, 4022.0, 3999.0, 3833.0, 3819.0, 4079.0, 3680.0, 3916.0, 3539.0, 3866.0, 3389.0, 3797.0, 3778.0, 3603.0], "min": [53605.0, 27253.0, 18720.0, 14220.0, 11899.0, 9843.0, 8555.0, 7268.0, 6924.0, 6400.0, 5975.0, 5538.0, 5238.0, 4862.0, 5027.0, 4495.0, 4335.0, 4203.0, 4013.0, 3756.0, 3714.0, 3529.0, 3556.0, 3680.0, 3248.0, 3428.0, 3068.0, 3463.0, 2889.0, 3309.0, 3368.0, 3416.0]}