{"median": [14414.0, 7825.5, 5608.0, 4578.5, 4014.0, 3669.0, 3725.0, 3371.0, 3410.0, 2799.5, 2718.0, 2428.5, 2430.0, 2359.0, 2087.0, 1864.0, 1270.0, 1206.0, 1017.0, 1037.5, 980.0, 1022.0, 1017.0, 972.5, 952.0, 788.5, 754.0, 739.0, 750.0, 726.0, 738.0, 749.0], "mean": [14414.0, 7825.5, 5644.666666666667, 4576.25, 3974.6, 3615.8333333333335, 3705.1428571428573, 3341.75, 3241.5555555555557, 2590.7, 2350.5454545454545, 2149.0, 2018.6153846153845, 1884.857142857143, 1796.2666666666667, 1888.625, 1625.235294117647, 1518.888888888889, 1449.6315789473683, 1408.75, 1450.4285714285713, 1424.090909090909, 1291.608695652174, 1308.0833333333333, 1269.8, 1107.1538461538462, 1175.2592592592594, 1054.1785714285713, 1021.4827586206897, 989.0333333333333, 977.6774193548387, 1039.0], "stdev": [], "nof_blocks": [1, 2, 3, 4, 5, 6, 7, 8, 9, 10, 11, 12, 13, 14, 15, 16, 17, 18, 19, 20, 21, 22, 23, 24, 25, 26, 27, 28, 29, 30, 31, 32], "max": [14414.0, 7838.0, 5799.0, 4635.0, 4077.0, 3748.0, 3996.0, 3420.0, 3645.0, 3031.0, 2824.0, 2778.0, 2554.0, 2526.0, 2466.0, 2660.0, 2280.0, 2248.0, 2260.0, 2265.0, 2540.0, 2360.0, 2090.0, 2369.0, 2338.0, 1982.0, 2308.0, 1961.0, 2007.0, 1964.0, 1966.0, 2072.0], "min": [14414.0, 7813.0, 5527.0, 4513.0, 3794.0, 3391.0, 3494.0, 3246.0, 1671.0, 1431.0, 1224.0, 1225.0, 1139.0, 1075.0, 1118.0, 1182.0, 790.0, 778.0, 795.0, 821.0, 804.0, 651.0, 630.0, 609.0, 568.0, 568.0, 574.0, 593.0, 590.0, 625.0, 599.0, 637.0]}