{"median": [27291.0, 14340.5, 9948.0, 7783.5, 6449.0, 5671.0, 5110.0, 4581.0, 4596.0, 3939.0, 3875.0, 3609.5, 3544.0, 3686.5, 3851.0, 3428.5, 3613.0, 3340.5, 3328.0, 3086.5, 3056.0, 2703.0, 2693.0, 2819.5, 2756.0, 2449.5, 2408.0, 2377.0, 2337.0, 2389.5, 2053.0, 1844.0], "mean": [27291.0, 14340.5, 9909.333333333334, 7781.25, 6478.6, 5687.166666666667, 5113.714285714285, 4585.125, 4632.222222222223, 3900.3, 3847.818181818182, 3558.5833333333335, 3517.923076923077, 3706.0714285714284, 3748.0, 3426.9375, 3460.235294117647, 3167.5, 3005.0, 2831.5, 2686.809523809524, 2327.1363636363635, 2228.782608695652, 2367.4583333333335, 2262.48, 2005.5384615384614, 1956.5555555555557, 1864.5, 1999.7241379310344, 1944.6333333333334, 1735.6451612903227, 1852.90625], "stdev": [], "nof_blocks": [1, 2, 3, 4, 5, 6, 7, 8, 9, 10, 11, 12, 13, 14, 15, 16, 17, 18, 19, 20, 21, 22, 23, 24, 25, 26, 27, 28, 29, 30, 31, 32], "max": [27291.0, 14464.0, 10000.0, 7807.0, 6593.0, 5783.0, 5284.0, 4675.0, 4854.0, 3974.0, 3990.0, 3706.0, 3665.0, 3931.0, 3959.0, 3513.0, 3678.0, 3605.0, 3381.0, 3353.0, 3354.0, 2805.0, 2805.0, 3111.0, 3084.0, 2529.0, 2593.0, 2559.0, 2851.0, 2838.0, 2526.0, 2575.0], "min": [27291.0, 14217.0, 9780.0, 7751.0, 6380.0, 5634.0, 4940.0, 4496.0, 4511.0, 3698.0, 3672.0, 3359.0, 3162.0, 3551.0, 3450.0, 3264.0, 1592.0, 1608.0, 1367.0, 1354.0, 1337.0, 1205.0, 1166.0, 1169.0, 1200.0, 1106.0, 1079.0, 1036.0, 1045.0, 1104.0, 1072.0, 1139.0]}