{"median": [210980.0, 106928.0, 71110.0, 54857.0, 43504.0, 36522.0, 31434.0, 27801.0, 24378.0, 22003.0, 20206.0, 19021.0, 17260.0, 16576.0, 15482.0, 14274.0, 13442.0, 13290.0, 12234.0, 12209.0, 11668.0, 11063.0, 10958.0, 9869.5, 9550.0, 9171.5, 8902.0, 8700.0, 8394.0, 8148.0, 7880.0, 7747.0], "mean": [210980.0, 106928.0, 71118.66666666667, 54857.5, 43403.6, 36448.333333333336, 31448.85714285714, 27800.75, 24429.333333333332, 22033.8, 20145.454545454544, 19090.666666666668, 17232.30769230769, 16564.85714285714, 15514.8, 14277.25, 13444.823529411764, 13252.333333333334, 12216.78947368421, 12238.15, 11638.57142857143, 11074.90909090909, 10953.91304347826, 9863.916666666666, 9529.76, 9176.846153846154, 8885.703703703704, 8711.67857142857, 8406.620689655172, 8138.3, 7885.258064516129, 7730.1875], "stdev": [], "nof_blocks": [1, 2, 3, 4, 5, 6, 7, 8, 9, 10, 11, 12, 13, 14, 15, 16, 17, 18, 19, 20, 21, 22, 23, 24, 25, 26, 27, 28, 29, 30, 31, 32], "max": [210980.0, 107438.0, 71626.0, 54860.0, 43716.0, 36722.0, 31838.0, 27932.0, 24576.0, 22288.0, 20284.0, 19412.0, 17450.0, 16772.0, 15758.0, 14356.0, 13656.0, 13441.0, 12372.0, 12464.0, 11760.0, 11330.0, 11159.0, 9982.0, 9713.0, 9384.0, 9048.0, 8966.0, 8626.0, 8360.0, 8077.0, 7851.0], "min": [210980.0, 106418.0, 70620.0, 54856.0, 42946.0, 36002.0, 31176.0, 27668.0, 24266.0, 21804.0, 19958.0, 18814.0, 16946.0, 16346.0, 15338.0, 14212.0, 13273.0, 12850.0, 11914.0, 12064.0, 11423.0, 10871.0, 10759.0, 9716.0, 9243.0, 9020.0, 8612.0, 8520.0, 8217.0, 7878.0, 7639.0, 7512.0]}