{"median": [171.0, 172.5, 172.0, 172.5, 171.0, 172.0, 172.0, 172.0, 173.0, 173.0, 173.0, 174.0, 175.0, 176.5, 176.0, 176.5, 178.0, 181.0, 183.0, 183.5, 188.0, 190.5, 197.0, 196.0, 207.0, 208.5, 217.0, 222.0, 229.0, 233.5, 244.0, 249.0], "stdev": [], "mean": [171.0, 172.5, 172.33333333333334, 172.25, 171.8, 172.0, 172.42857142857142, 172.0, 173.0, 173.0, 173.45454545454547, 174.0, 175.23076923076923, 176.78571428571428, 176.26666666666668, 176.25, 178.47058823529412, 181.0, 182.8421052631579, 183.75, 187.76190476190476, 190.5909090909091, 196.7826086956522, 195.79166666666666, 207.48, 208.5, 217.22222222222223, 221.64285714285714, 228.58620689655172, 233.5, 243.74193548387098, 249.03125], "nof_blocks": [1, 2, 3, 4, 5, 6, 7, 8, 9, 10, 11, 12, 13, 14, 15, 16, 17, 18, 19, 20, 21, 22, 23, 24, 25, 26, 27, 28, 29, 30, 31, 32], "max": [171.0, 173.0, 173.0, 173.0, 173.0, 173.0, 173.0, 173.0, 174.0, 174.0, 174.0, 175.0, 176.0, 178.0, 177.0, 177.0, 179.0, 182.0, 184.0, 185.0, 188.0, 192.0, 197.0, 197.0, 208.0, 209.0, 218.0, 223.0, 229.0, 234.0, 245.0, 250.0], "min": [171.0, 172.0, 172.0, 171.0, 171.0, 171.0, 172.0, 171.0, 172.0, 172.0, 173.0, 173.0, 174.0, 176.0, 175.0, 175.0, 178.0, 180.0, 182.0, 183.0, 187.0, 190.0, 196.0, 195.0, 207.0, 208.0, 216.0, 221.0, 228.0, 233.0, 243.0, 248.0]}