{"median": [172.0, 174.0, 172.0, 172.5, 173.0, 174.0, 177.0, 177.0, 183.0, 184.5, 191.0, 195.5, 211.0, 221.0, 234.0, 249.0, 249.0, 250.0, 250.0, 249.0, 250.0, 249.0, 254.0, 249.0, 253.0, 248.0, 250.0, 249.0, 252.0, 251.0, 249.0, 249.0], "stdev": [], "mean": [172.0, 174.0, 172.33333333333334, 172.5, 173.4, 174.0, 177.0, 177.0, 182.77777777777777, 184.4, 190.54545454545453, 195.58333333333334, 210.07692307692307, 221.0, 232.93333333333334, 249.375, 244.76470588235293, 241.61111111111111, 237.89473684210526, 234.15, 232.8095238095238, 230.22727272727272, 233.2608695652174, 229.45833333333334, 230.96, 226.69230769230768, 228.07407407407408, 228.25, 232.72413793103448, 237.96666666666667, 242.1290322580645, 249.09375], "nof_blocks": [1, 2, 3, 4, 5, 6, 7, 8, 9, 10, 11, 12, 13, 14, 15, 16, 17, 18, 19, 20, 21, 22, 23, 24, 25, 26, 27, 28, 29, 30, 31, 32], "max": [172.0, 174.0, 173.0, 173.0, 174.0, 175.0, 177.0, 178.0, 183.0, 185.0, 191.0, 197.0, 211.0, 222.0, 234.0, 250.0, 250.0, 251.0, 251.0, 250.0, 251.0, 250.0, 255.0, 250.0, 255.0, 250.0, 252.0, 250.0, 253.0, 252.0, 251.0, 250.0], "min": [172.0, 174.0, 172.0, 172.0, 173.0, 173.0, 177.0, 176.0, 182.0, 183.0, 190.0, 195.0, 209.0, 220.0, 231.0, 249.0, 172.0, 171.0, 171.0, 173.0, 176.0, 179.0, 184.0, 189.0, 177.0, 180.0, 186.0, 193.0, 204.0, 220.0, 232.0, 248.0]}