{"max": [171.0, 173.0, 174.0, 175.0, 174.0, 173.0, 173.0, 173.0, 175.0, 174.0, 175.0, 175.0, 176.0, 178.0, 177.0, 178.0, 180.0, 183.0, 184.0, 186.0, 189.0, 193.0, 200.0, 198.0, 209.0, 211.0, 220.0, 224.0, 230.0, 235.0, 246.0, 251.0], "stdev": [0.30011725620928487, 0.21798752702450003, 0.963193438191331, 0.7490046791421476, 1.2853922208538038, 1.126738791702486, 0.737789746956331, 1.077085554779054, 1.1581904082036958, 1.1180776645117236, 0.934497278535295, 1.1180703848626297, 1.0267720497894697, 1.073925933304056, 0.706339064499889, 0.9937103829643685, 0.7902647149326538, 1.0748824547030917, 0.6816082014733044, 1.1035889234906502, 0.6564721307313194, 1.0210716846872256, 1.1851915850387271, 1.0200928530821893, 1.26008913157735, 1.0168193546054014, 0.9042170835576797, 1.0438982161055386, 0.8923924860416638, 1.0269799815463494, 1.2024967069176629, 1.097050583791847], "min": [170.0, 172.0, 170.0, 171.0, 170.0, 170.0, 170.0, 170.0, 171.0, 171.0, 172.0, 172.0, 173.0, 174.0, 175.0, 174.0, 177.0, 179.0, 181.0, 182.0, 186.0, 188.0, 195.0, 194.0, 203.0, 206.0, 215.0, 219.0, 226.0, 230.0, 240.0, 245.0], "median": [171.0, 173.0, 172.0, 173.0, 172.0, 172.0, 172.0, 172.0, 173.0, 172.5, 173.0, 173.5, 175.0, 176.0, 176.0, 176.0, 178.0, 180.0, 182.0, 184.0, 187.0, 190.0, 197.0, 196.0, 206.0, 208.0, 218.0, 222.0, 228.0, 233.0, 244.0, 249.0], "mean": [170.9, 172.95, 171.85, 173.18125, 171.945, 171.675, 171.90357142857144, 171.55, 173.26944444444445, 172.5, 173.16363636363636, 173.5, 174.60576923076923, 176.26785714285714, 175.96666666666667, 176.209375, 178.21470588235294, 180.51527777777778, 182.17368421052632, 183.54625, 187.24642857142857, 190.13295454545454, 197.04347826086956, 196.13333333333333, 205.835, 208.02692307692308, 217.53055555555557, 221.75625, 228.40603448275863, 233.2225, 243.6475806451613, 248.78984375], "nof_blocks": [1, 2, 3, 4, 5, 6, 7, 8, 9, 10, 11, 12, 13, 14, 15, 16, 17, 18, 19, 20, 21, 22, 23, 24, 25, 26, 27, 28, 29, 30, 31, 32]}