{"mean": [162.83, 162.955, 162.33333333333334, 163.225, 192.62, 194.96833333333333, 196.13, 196.555, 198.7, 204.572, 208.07454545454544, 218.48333333333332, 223.41538461538462, 229.18357142857144, 229.884, 232.8875], "stdev": [4.720586763733868, 0.9786540855151412, 1.249303038696862, 0.8753803326652037, 12.408850032063263, 16.41177141435838, 16.597359615579517, 14.123076917833231, 11.21738877372988, 19.36909853292037, 18.53295241155396, 30.896740324686867, 40.23684396478067, 42.67928021134759, 43.42496627283892, 45.63399371207632], "median": [162.0, 162.5, 162.0, 163.0, 185.0, 185.0, 192.5, 197.0, 197.0, 199.0, 200.0, 202.0, 207.0, 215.0, 213.0, 217.0], "nof_kernels": [1, 2, 3, 4, 5, 6, 7, 8, 9, 10, 11, 12, 13, 14, 15, 16], "min": [162.0, 162.0, 161.0, 161.0, 179.0, 179.0, 179.0, 179.0, 179.0, 179.0, 192.0, 191.0, 180.0, 180.0, 180.0, 180.0], "max": [199.0, 164.0, 164.0, 165.0, 209.0, 222.0, 236.0, 224.0, 229.0, 262.0, 278.0, 313.0, 358.0, 363.0, 397.0, 393.0]}