{"mean": [169.0, 170.0, 169.33333333333334, 176.435, 267.06, 533.4, 533.3314285714285, 533.81625, 533.0633333333334, 534.718, 535.4172727272727, 536.6566666666666, 536.5738461538461, 536.3164285714286, 536.6486666666667, 537.455], "stdev": [0.0, 1.0000781341564657, 1.2472840933296667, 4.571915134888775, 67.10607909582951, 2.1292180387979385, 2.549877239338918, 2.7414010109988634, 2.345104086717877, 3.3353895800549425, 3.2279739546976747, 5.412906049254217, 5.463081930540418, 4.966861115093136, 4.7562277953259775, 3.5423466914495374], "median": [169.0, 170.0, 169.0, 176.0, 300.0, 533.0, 533.0, 534.0, 533.0, 534.0, 534.5, 534.0, 534.0, 535.0, 535.0, 537.0], "nof_kernels": [1, 2, 3, 4, 5, 6, 7, 8, 9, 10, 11, 12, 13, 14, 15, 16], "min": [169.0, 169.0, 168.0, 170.0, 166.0, 521.0, 528.0, 528.0, 527.0, 527.0, 529.0, 528.0, 529.0, 528.0, 529.0, 529.0], "max": [169.0, 171.0, 171.0, 184.0, 523.0, 539.0, 540.0, 541.0, 539.0, 543.0, 544.0, 552.0, 549.0, 550.0, 549.0, 548.0]}