{"mean": [174.59, 539.75, 534.8466666666667, 533.05, 532.632, 532.8183333333334, 532.8242857142857, 533.07125, 533.2833333333333, 534.062, 534.4409090909091, 535.8258333333333, 535.7507692307693, 535.9321428571428, 536.8066666666666, 537.0375], "stdev": [0.6016752688143702, 0.5545701528062049, 0.675674806966008, 1.0735874655086801, 1.7380347516087997, 1.555245918666184, 1.4954488238517303, 1.7737802399679532, 1.8663270075696807, 3.1331234837556896, 3.199357742716856, 5.376453484643628, 4.375266800502744, 5.023895920409345, 3.622369701558525, 3.126305270480049], "median": [175.0, 540.0, 535.0, 534.0, 532.0, 532.0, 533.0, 533.0, 533.0, 533.0, 534.0, 533.0, 534.0, 534.0, 536.0, 537.0], "nof_kernels": [1, 2, 3, 4, 5, 6, 7, 8, 9, 10, 11, 12, 13, 14, 15, 16], "min": [171.0, 537.0, 533.0, 531.0, 530.0, 530.0, 530.0, 528.0, 529.0, 527.0, 527.0, 527.0, 528.0, 529.0, 532.0, 530.0], "max": [175.0, 541.0, 536.0, 535.0, 536.0, 536.0, 537.0, 538.0, 541.0, 543.0, 543.0, 548.0, 546.0, 548.0, 547.0, 546.0]}