{"stdev": [0.0, 0.9441360078145289, 1.5910769607500275, 2.6295963891182614, 134.64801114132803, 217.23538150572963, 10.554935996858816, 9.459516588263188, 21.03087959753971, 22.58985102159525, 15.488544524778128, 38.00090939992065, 29.55633364174973, 27.520200796045927, 21.234812794846423, 10.988478933471278], "median": [170.0, 171.5, 170.0, 176.0, 246.0, 541.0, 738.0, 754.0, 759.0, 777.0, 776.0, 792.0, 818.0, 821.5, 805.0, 808.0], "max": [170.0, 172.0, 173.0, 179.0, 541.0, 738.0, 763.0, 779.0, 814.0, 814.0, 798.0, 871.0, 834.0, 843.0, 854.0, 835.0], "nof_kernels": [1, 2, 3, 4, 5, 6, 7, 8, 9, 10, 11, 12, 13, 14, 15, 16], "mean": [170.0, 171.1, 170.73333333333332, 175.875, 289.62, 508.96666666666664, 738.0142857142857, 755.05, 767.7888888888889, 771.41, 773.8636363636364, 806.5833333333334, 800.3076923076923, 804.5214285714286, 806.9, 810.14375], "min": [170.0, 170.0, 169.0, 171.0, 168.0, 172.0, 717.0, 741.0, 743.0, 738.0, 742.0, 751.0, 740.0, 768.0, 774.0, 795.0]}