{"stdev": [0.49008942714458287, 1.4560917568534992, 2.4716996776897973, 6.345373310815072, 512.4189478923348, 264.8122111195972, 50.41142470499516, 27.622818989358052, 88.88076662739797, 26.200106938002723, 101.19234583134991, 38.47928543064536, 85.78609018211397, 36.7204811637238, 96.34050763368003, 26.48641813684904], "median": [170.0, 171.0, 171.0, 178.0, 311.0, 834.0, 900.0, 905.0, 978.0, 988.0, 998.5, 1015.0, 1082.0, 1086.0, 1120.0, 1116.0], "max": [170.0, 174.0, 180.0, 201.0, 1457.0, 1781.0, 1007.0, 999.0, 1139.0, 1086.0, 1245.0, 1130.0, 1318.0, 1207.0, 1364.0, 1208.0], "nof_kernels": [1, 2, 3, 4, 5, 6, 7, 8, 9, 10, 11, 12, 13, 14, 15, 16], "mean": [169.6, 171.675, 171.775, 179.41875, 542.33, 841.9458333333333, 897.6214285714286, 913.803125, 986.3916666666667, 996.195, 1057.1431818181818, 1033.4125, 1134.0230769230768, 1098.9660714285715, 1180.6, 1126.9515625], "min": [169.0, 170.0, 169.0, 174.0, 169.0, 169.0, 818.0, 877.0, 879.0, 966.0, 947.0, 992.0, 1039.0, 1065.0, 1083.0, 1098.0]}