{"stdev": [0.0, 1.025978352085154, 1.3796551293211172, 1.7670415664142984, 21.349463502316276, 19.929366799197336, 19.413043362337387, 17.559140574684143, 43.63908269060434, 51.6814358167496, 45.1313429347711, 99.32384290948535, 78.92057252730851, 77.56730161316551, 99.65276267931405, 71.8905308623671], "median": [163.0, 164.0, 163.0, 164.5, 210.0, 203.5, 212.0, 207.5, 210.0, 224.0, 220.0, 225.5, 278.5, 244.0, 259.0, 244.5], "max": [163.0, 165.0, 166.0, 167.0, 258.0, 280.0, 249.0, 263.0, 401.0, 432.0, 402.0, 539.0, 517.0, 484.0, 622.0, 607.0], "nof_kernels": [1, 2, 3, 4, 5, 6, 7, 8, 9, 10, 11, 12, 13, 14, 15, 16], "mean": [163.0, 164.0, 163.4, 165.175, 213.58, 211.2, 214.94285714285715, 216.325, 227.88888888888889, 243.67, 239.53636363636363, 283.6333333333333, 283.84615384615387, 280.60714285714283, 302.7733333333333, 274.375], "min": [163.0, 163.0, 162.0, 163.0, 195.0, 196.0, 195.0, 198.0, 195.0, 197.0, 202.0, 204.0, 202.0, 213.0, 212.0, 213.0]}