{"min": [169.0, 169.0, 169.0, 169.0, 169.0, 893.0, 919.0, 990.0, 1034.0, 1080.0, 1114.0, 1180.0, 1211.0, 1271.0, 1305.0, 1368.0], "median": [170.0, 171.5, 171.0, 176.0, 837.0, 926.0, 1168.0, 1022.0, 1177.0, 1114.0, 1351.0, 1216.0, 1415.0, 1300.0, 1404.0, 1404.0], "nof_kernels": [1, 2, 3, 4, 5, 6, 7, 8, 9, 10, 11, 12, 13, 14, 15, 16], "stdev": [0.6180533322305671, 5.083606124737573, 6.8376768529948775, 992.187173160264, 469.844549737039, 23.191568051844012, 139.6508549372364, 31.334767043914887, 103.24466565999363, 25.326492503467847, 147.02434901730234, 28.13779774257901, 137.7321252797573, 39.479918445789345, 100.80935689608127, 36.08398794170097], "mean": [170.195, 174.661875, 174.34416666666667, 726.2934375, 893.9585, 931.1025, 1101.2616071428572, 1031.98828125, 1164.3166666666666, 1119.68175, 1298.4451136363637, 1224.6690625, 1379.9095192307693, 1314.010982142857, 1425.2206666666666, 1415.9634375], "max": [171.0, 188.0, 208.0, 2926.0, 2524.0, 1041.0, 1417.0, 1204.0, 1368.0, 1300.0, 1606.0, 1369.0, 1683.0, 1557.0, 1671.0, 1627.0]}