{"stdev": [0.0, 1.025978352085154, 1.676065452868369, 11.523415403607672, 12.152097324649564, 17.497530092045388, 18.97836296600856, 19.22590551932404, 49.809410789989705, 42.48421691485777, 28.580804490446045, 44.335901917966574, 36.5847819879624, 69.10510449761217, 61.81070909146134, 51.05643343060782], "median": [163.0, 165.0, 196.0, 199.0, 203.0, 205.0, 207.0, 206.0, 211.0, 262.0, 230.0, 240.0, 248.5, 252.0, 265.0, 255.0], "max": [163.0, 166.0, 199.0, 226.0, 227.0, 256.0, 252.0, 259.0, 336.0, 315.0, 309.0, 341.0, 387.0, 439.0, 520.0, 428.0], "nof_kernels": [1, 2, 3, 4, 5, 6, 7, 8, 9, 10, 11, 12, 13, 14, 15, 16], "mean": [163.0, 165.0, 196.46666666666667, 204.075, 209.8, 212.85, 214.1, 216.6, 241.01111111111112, 250.98, 238.0, 258.34166666666664, 255.8153846153846, 288.55, 280.8, 274.88125], "min": [163.0, 164.0, 195.0, 195.0, 195.0, 196.0, 197.0, 197.0, 197.0, 197.0, 201.0, 203.0, 202.0, 210.0, 213.0, 233.0]}