{"stdev": [0.0, 0.6638437887785374, 70.97974861355146, 11.46702789280171, 8.582402695196379, 13.226015914107405, 9.913492986918607, 5.167003858956189, 27.38002433710382, 15.360300481587313, 19.318068091445085, 44.15182941830265, 33.23931288045794, 24.15380500145319, 12.716536944881204, 16.77324728772316], "median": [170.0, 175.0, 320.0, 730.5, 744.0, 735.5, 754.0, 746.5, 755.0, 769.0, 771.5, 772.0, 795.0, 819.0, 811.0, 802.5], "max": [170.0, 176.0, 325.0, 744.0, 760.0, 758.0, 766.0, 761.0, 820.0, 788.0, 808.0, 863.0, 832.0, 846.0, 832.0, 849.0], "nof_kernels": [1, 2, 3, 4, 5, 6, 7, 8, 9, 10, 11, 12, 13, 14, 15, 16], "mean": [170.0, 174.6, 271.3, 730.1, 745.78, 736.3833333333333, 754.6285714285714, 747.75, 770.7111111111111, 764.07, 770.0090909090909, 791.0833333333334, 783.5461538461539, 809.55, 809.4933333333333, 812.475], "min": [170.0, 173.0, 170.0, 717.0, 731.0, 717.0, 729.0, 741.0, 744.0, 738.0, 740.0, 737.0, 724.0, 776.0, 783.0, 795.0]}