{"stdev": [0.5001954270154747, 1.801349847735062, 117.99650651264281, 17.542451510577898, 76.8609057799759, 27.83236955852728, 79.87698481382702, 18.46865638530811, 76.13552365744393, 28.97743250627689, 73.84038548510347, 37.84851634430945, 74.60789226821076, 38.580572620658856, 58.73917517179519, 20.69241789892697], "median": [169.5, 173.5, 310.5, 757.5, 887.5, 840.0, 950.5, 882.0, 991.5, 979.0, 1035.0, 1043.0, 1068.0, 1107.0, 1140.0, 1106.0], "max": [170.0, 178.0, 673.0, 808.0, 933.0, 914.0, 1084.0, 950.0, 1153.0, 1077.0, 1210.0, 1150.0, 1261.0, 1272.0, 1327.0, 1176.0], "nof_kernels": [1, 2, 3, 4, 5, 6, 7, 8, 9, 10, 11, 12, 13, 14, 15, 16], "mean": [169.5, 173.8625, 292.98333333333335, 762.6, 838.315, 848.7083333333334, 936.8285714285714, 887.328125, 1011.6722222222222, 992.1775, 1073.225, 1059.5625, 1106.301923076923, 1126.2375, 1177.5483333333334, 1113.8078125], "min": [169.0, 171.0, 169.0, 739.0, 743.0, 815.0, 840.0, 862.0, 923.0, 964.0, 985.0, 1016.0, 1018.0, 1095.0, 1115.0, 1094.0]}