{"stdev": [0.8484912793504116, 3.238084237193197, 26.637464256953248, 11.206336987154279, 65.53639349017234, 19.530351983739564, 86.85933780157536, 16.604556601476414, 106.71320800772172, 17.04469410109098, 97.0436111733846, 19.837032066876883, 72.59305068390283, 17.60508743927813, 82.80123413653564, 9.478556681761917], "median": [173.0, 707.0, 761.5, 743.0, 872.0, 837.0, 988.0, 912.0, 1017.0, 984.0, 1033.5, 1043.0, 1078.0, 1065.0, 1112.0, 1146.0], "max": [174.0, 713.0, 787.0, 806.0, 938.0, 899.0, 1070.0, 961.0, 1209.0, 1059.0, 1228.0, 1137.0, 1239.0, 1146.0, 1292.0, 1183.0], "nof_kernels": [1, 2, 3, 4, 5, 6, 7, 8, 9, 10, 11, 12, 13, 14, 15, 16], "mean": [172.675, 706.6375, 749.2833333333333, 744.70625, 843.835, 843.1041666666666, 940.6821428571428, 918.125, 1032.9555555555555, 989.69, 1090.8045454545454, 1050.0333333333333, 1117.2673076923077, 1072.1625, 1173.7066666666667, 1146.9796875], "min": [171.0, 699.0, 709.0, 734.0, 760.0, 822.0, 837.0, 899.0, 910.0, 968.0, 982.0, 1032.0, 1034.0, 1055.0, 1080.0, 1129.0]}