{"stdev": [0.0, 0.998683343734455, 1.874204812223285, 10.295505616405437, 17.19772172856222, 31.436061914631818, 30.5995980974703, 20.39945627843292, 48.97876428424349, 47.68318319487447, 24.924949901781922, 103.74758982722435, 85.7464126761097, 82.07359486647498, 76.44708629004205, 78.13521354621071], "median": [164.0, 196.5, 195.0, 199.0, 200.0, 201.0, 209.5, 207.0, 215.0, 231.5, 224.0, 224.5, 270.0, 250.0, 265.0, 256.0], "max": [164.0, 198.0, 199.0, 226.0, 257.0, 286.0, 297.0, 278.0, 389.0, 426.0, 317.0, 535.0, 535.0, 535.0, 506.0, 559.0], "nof_kernels": [1, 2, 3, 4, 5, 6, 7, 8, 9, 10, 11, 12, 13, 14, 15, 16], "mean": [164.0, 196.95, 196.06666666666666, 203.05, 208.56, 217.66666666666666, 223.42857142857142, 216.0375, 237.95555555555555, 242.03, 231.5909090909091, 283.525, 284.9, 287.9357142857143, 287.47333333333336, 290.68125], "min": [164.0, 196.0, 194.0, 195.0, 196.0, 197.0, 198.0, 199.0, 200.0, 198.0, 199.0, 200.0, 200.0, 215.0, 218.0, 225.0]}