{"stdev": [0.4589752795195307, 1.797929603938896, 2.6024239389484216, 12.85959543233559, 11.34726730526168, 11.649337734581046, 7.503239479886575, 5.065325504813559, 19.77366899216231, 19.32373384184581, 13.446365807031956, 46.08332412059697, 37.54653371410669, 23.600233209845307, 14.141037765546603, 8.623622703308023], "median": [174.0, 690.0, 699.0, 716.0, 746.0, 753.0, 733.0, 760.0, 752.0, 770.0, 774.0, 776.0, 836.0, 821.5, 810.0, 812.5], "max": [174.0, 692.0, 706.0, 732.0, 763.0, 771.0, 749.0, 774.0, 800.0, 788.0, 789.0, 878.0, 869.0, 838.0, 825.0, 844.0], "nof_kernels": [1, 2, 3, 4, 5, 6, 7, 8, 9, 10, 11, 12, 13, 14, 15, 16], "mean": [173.7, 689.35, 700.0333333333333, 714.4, 746.8, 751.3833333333333, 733.5714285714286, 760.55, 764.6, 761.3, 771.3454545454546, 798.7166666666667, 816.6769230769231, 804.8214285714286, 805.3733333333333, 816.3125], "min": [173.0, 685.0, 697.0, 697.0, 726.0, 731.0, 717.0, 753.0, 748.0, 733.0, 743.0, 746.0, 751.0, 775.0, 776.0, 806.0]}