{"max": [165.0, 167.0, 166.0, 166.0, 293.0, 345.0, 369.0, 386.0, 433.0, 443.0, 448.0, 468.0, 470.0, 470.0, 475.0, 478.0], "min": [165.0, 165.0, 163.0, 164.0, 163.0, 163.0, 298.0, 378.0, 211.0, 334.0, 400.0, 362.0, 420.0, 441.0, 448.0, 474.0], "stdev": [0.0, 1.025978352085154, 1.2685406585123122, 0.8397191227596316, 47.155361977884404, 59.2411022187332, 23.082985586844792, 1.7320051305212403, 35.042446171862274, 25.334298227238637, 14.984851956452466, 23.14560990129837, 17.41829037519222, 9.711183834614676, 7.4588085847108125, 1.195115846599171], "mean": [165.0, 166.0, 164.33333333333334, 165.25, 254.62, 295.51666666666665, 353.95714285714286, 382.9875, 399.26666666666665, 417.54, 433.6909090909091, 443.05833333333334, 453.8076923076923, 459.22857142857146, 468.48, 475.825], "median": [165.0, 166.0, 164.0, 165.5, 287.0, 331.0, 365.0, 383.0, 396.0, 428.0, 436.5, 449.0, 465.0, 466.0, 472.0, 476.0], "nof_kernels": [1, 2, 3, 4, 5, 6, 7, 8, 9, 10, 11, 12, 13, 14, 15, 16]}