{"stdev": [0.0, 1.0007821667210688, 1.2478692301566603, 1.7606594826703779, 47.45127674563134, 59.14227993292454, 24.2400677458492, 1.6472412310617672, 32.13747629448877, 20.290040704676684, 12.571972344076228, 24.039075595980123, 17.062465651472568, 9.72261608556812, 7.40412189567752, 2.381072397648653], "nof_kernels": [1, 2, 3, 4, 5, 6, 7, 8, 9, 10, 11, 12, 13, 14, 15, 16], "mean": [170.0, 171.0, 169.33333333333334, 172.05, 263.06, 302.75, 358.9, 388.9875, 405.31111111111113, 423.73, 439.1636363636364, 449.2, 459.9384615384615, 468.85714285714283, 476.48, 481.98125], "median": [170.0, 171.0, 169.0, 171.5, 296.0, 340.0, 373.0, 389.0, 401.0, 436.0, 445.0, 453.0, 471.0, 475.5, 480.0, 482.0], "max": [170.0, 172.0, 171.0, 174.0, 303.0, 353.0, 376.0, 392.0, 436.0, 445.0, 451.0, 474.0, 475.0, 480.0, 483.0, 489.0], "min": [170.0, 170.0, 168.0, 169.0, 171.0, 171.0, 304.0, 385.0, 241.0, 367.0, 415.0, 359.0, 425.0, 453.0, 457.0, 478.0]}