{"min": [165.0, 165.0, 164.0, 164.0, 164.0, 163.0, 298.0, 379.0, 209.0, 328.0, 398.0, 363.0, 419.0, 442.0, 447.0, 474.0], "stdev": [0.0, 1.025978352085154, 1.2685406585123122, 0.9114654303752999, 47.32836229525611, 59.15039722204259, 26.42325110121319, 1.5277496481235964, 35.12092361976146, 24.533915918642712, 15.546148578120912, 23.296980485030414, 17.599433841926583, 10.070164943725278, 7.03260543112495, 1.2931848452658101], "max": [165.0, 167.0, 167.0, 167.0, 294.0, 345.0, 398.0, 385.0, 433.0, 441.0, 449.0, 468.0, 470.0, 475.0, 475.0, 479.0], "mean": [165.0, 166.0, 165.33333333333334, 165.3, 256.16, 295.9, 355.98571428571427, 381.7125, 398.8777777777778, 416.31, 434.07272727272726, 443.4166666666667, 454.4846153846154, 463.24285714285713, 468.2133333333333, 476.475], "median": [165.0, 166.0, 165.0, 165.5, 288.0, 334.0, 366.0, 382.0, 395.0, 425.0, 437.0, 450.0, 466.0, 470.0, 471.0, 477.0], "nof_kernels": [1, 2, 3, 4, 5, 6, 7, 8, 9, 10, 11, 12, 13, 14, 15, 16]}