{"stdev": [0.49008942714458287, 1.1401240137396214, 0.6519518719808636, 2.124021441373587, 36.63743078578967, 10.637251623794247, 19.077508251805295, 1.1774445305913126, 6.764030748717523, 1.0097918906753167, 4.160117834894729, 1.3407524127738415, 2.925539878508587, 1.1219360600448318, 2.120442370756725, 1.1495768482471627], "mean": [165.6, 166.525, 167.25833333333333, 173.45625, 291.78, 370.1166666666667, 398.74642857142857, 427.303125, 443.8361111111111, 457.98, 468.2318181818182, 477.95, 485.65, 491.2160714285714, 497.525, 503.5203125], "min": [165.0, 165.0, 166.0, 167.0, 168.0, 363.0, 330.0, 425.0, 427.0, 456.0, 462.0, 476.0, 482.0, 489.0, 494.0, 501.0], "nof_kernels": [1, 2, 3, 4, 5, 6, 7, 8, 9, 10, 11, 12, 13, 14, 15, 16], "median": [166.0, 166.5, 167.0, 173.0, 285.0, 366.0, 410.0, 427.0, 444.5, 458.0, 465.5, 477.5, 484.0, 491.0, 497.0, 503.0], "max": [166.0, 168.0, 168.0, 176.0, 320.0, 400.0, 413.0, 429.0, 451.0, 460.0, 473.0, 480.0, 489.0, 493.0, 500.0, 505.0]}