{"nof_kernels": [1, 2, 3, 4, 5, 6, 7, 8, 9, 10, 11, 12, 13, 14, 15, 16], "stdev": [0.0, 1.0007821667210688, 1.2478692301566603, 2.177430610990006, 5.584612111218691, 20.059726694373953, 2.948642690341876, 0.9111355740988456, 3.5803312626259887, 1.932425149501141, 3.759996020495629, 29.35106775624838, 15.401269104133616, 8.085581847643738, 8.412690810532178, 3.3758852022266708], "median": [223.0, 225.0, 224.0, 228.5, 593.0, 623.5, 660.0, 662.0, 724.0, 718.0, 766.0, 752.0, 807.0, 800.0, 865.0, 873.0], "mean": [223.0, 225.0, 224.33333333333334, 229.25, 592.54, 629.8166666666667, 659.3714285714286, 662.0875, 722.6888888888889, 717.37, 764.709090909091, 752.85, 802.4846153846154, 793.2285714285714, 860.6066666666667, 872.575], "max": [223.0, 226.0, 226.0, 232.0, 597.0, 691.0, 663.0, 664.0, 727.0, 719.0, 769.0, 777.0, 818.0, 801.0, 868.0, 877.0], "min": [223.0, 224.0, 223.0, 226.0, 567.0, 594.0, 648.0, 659.0, 711.0, 713.0, 756.0, 606.0, 732.0, 775.0, 840.0, 861.0]}