{"min": [223.0, 224.0, 228.0, 255.0, 344.0, 823.0, 480.0, 1186.0, 1250.0, 1804.0, 1656.0, 2333.0, 1966.0, 3772.0, 2374.0, 4041.0], "mean": [223.0, 225.4375, 232.86666666666667, 257.6125, 674.595, 830.8, 947.6678571428571, 1229.58125, 1656.411111111111, 1820.1, 2110.4931818181817, 2359.022916666667, 2640.005769230769, 3854.1714285714284, 3787.665, 4116.325], "nof_kernels": [1, 2, 3, 4, 5, 6, 7, 8, 9, 10, 11, 12, 13, 14, 15, 16], "max": [223.0, 227.0, 237.0, 261.0, 831.0, 840.0, 1197.0, 1240.0, 1931.0, 1831.0, 2379.0, 2380.0, 2936.0, 3899.0, 4197.0, 4163.0], "median": [223.0, 225.5, 233.0, 258.0, 661.5, 832.0, 889.0, 1231.0, 1525.0, 1820.0, 1979.0, 2358.0, 2507.0, 3861.0, 3650.0, 4123.5], "stdev": [0.0, 1.1276482009143636, 3.3692499311493607, 1.5613519419710025, 140.08196551319853, 3.9952569874320263, 237.48373301112602, 10.431216345223762, 228.91478713840337, 8.95467836116508, 233.33255314453413, 13.609627115162729, 266.3506651207657, 26.180860060934805, 424.59549663325157, 27.02178571392165]}