{"mean": [165.0, 166.05, 289.3, 340.7, 393.72, 399.1333333333333, 420.34285714285716, 434.225, 445.3222222222222, 457.49, 467.6909090909091, 475.84166666666664, 484.16153846153844, 487.20714285714286, 492.56, 495.91875], "nof_kernels": [1, 2, 3, 4, 5, 6, 7, 8, 9, 10, 11, 12, 13, 14, 15, 16], "max": [165.0, 168.0, 293.0, 392.0, 411.0, 422.0, 432.0, 436.0, 471.0, 475.0, 479.0, 495.0, 497.0, 496.0, 498.0, 498.0], "median": [165.0, 166.0, 289.0, 328.0, 407.0, 418.0, 427.0, 434.0, 439.0, 462.0, 469.0, 475.5, 494.0, 492.0, 495.0, 496.0], "min": [165.0, 165.0, 281.0, 166.0, 350.0, 367.0, 379.0, 432.0, 370.0, 440.0, 448.0, 451.0, 453.0, 471.0, 474.0, 494.0], "stdev": [0.0, 1.0990426455975697, 2.534588315887707, 55.82766523085311, 22.753371582412726, 24.38495414595986, 17.109947707664283, 1.1904153088712093, 17.566456657522718, 14.266224150599609, 11.099008513901579, 14.780179683772246, 15.170761273409727, 8.306620769755806, 6.496751898826007, 1.1380877429670455]}