{"median": [170.0, 171.5, 294.0, 333.0, 411.0, 424.5, 432.0, 439.5, 445.0, 470.0, 475.0, 479.0, 497.0, 497.0, 499.0, 500.0], "nof_kernels": [1, 2, 3, 4, 5, 6, 7, 8, 9, 10, 11, 12, 13, 14, 15, 16], "mean": [170.0, 171.85, 294.3333333333333, 345.7, 398.16, 405.55, 425.5285714285714, 439.9625, 450.9, 462.96, 471.55454545454546, 478.6333333333333, 487.6384615384615, 491.87857142857143, 496.20666666666665, 500.29375], "max": [170.0, 173.0, 298.0, 396.0, 415.0, 429.0, 436.0, 442.0, 473.0, 478.0, 480.0, 496.0, 500.0, 501.0, 501.0, 502.0], "min": [170.0, 170.0, 285.0, 172.0, 355.0, 373.0, 384.0, 438.0, 402.0, 446.0, 451.0, 454.0, 457.0, 479.0, 480.0, 498.0], "stdev": [0.0, 1.108792573147043, 2.651328848819241, 54.538369762835806, 22.876658156957035, 24.25944533286488, 16.98842539298428, 1.3178665245886991, 14.520747274989176, 13.233031506457275, 9.91428922295772, 13.954076928112796, 14.745743218032077, 7.730645558106016, 6.045237994506449, 1.1652150524184353]}