{"stdev": [0.0, 1.025978352085154, 2.387948670004176, 54.831624554467204, 22.433839235787147, 24.183876591763564, 16.919178234551026, 1.2218993308303039, 16.626168024263325, 14.059940227181594, 10.889022408256228, 14.76937316725058, 14.52176209141693, 8.232424675202802, 6.776327395823751, 1.0851883006182577], "median": [165.0, 166.0, 289.5, 328.0, 405.0, 419.0, 427.0, 434.0, 439.5, 462.0, 466.0, 476.0, 490.0, 491.0, 495.0, 495.0], "mean": [165.0, 166.0, 289.56666666666666, 340.425, 392.22, 400.43333333333334, 419.72857142857146, 433.975, 445.44444444444446, 457.07, 465.6727272727273, 474.2416666666667, 480.6461538461538, 485.5642857142857, 492.24666666666667, 495.36875], "nof_kernels": [1, 2, 3, 4, 5, 6, 7, 8, 9, 10, 11, 12, 13, 14, 15, 16], "max": [165.0, 167.0, 293.0, 390.0, 409.0, 423.0, 430.0, 436.0, 470.0, 475.0, 476.0, 492.0, 493.0, 495.0, 498.0, 497.0], "min": [165.0, 165.0, 282.0, 166.0, 350.0, 369.0, 379.0, 432.0, 377.0, 441.0, 445.0, 448.0, 450.0, 469.0, 472.0, 493.0]}