{"min": [222.0, 225.0, 601.0, 598.0, 657.0, 678.0, 683.0, 762.0, 752.0, 767.0, 802.0, 790.0, 910.0, 855.0, 1021.0, 931.0], "mean": [222.0, 227.1, 625.6, 636.25, 680.8, 705.45, 703.1285714285714, 771.9125, 764.3888888888889, 770.48, 805.5272727272727, 822.15, 980.9384615384615, 889.8357142857143, 1112.44, 936.7125], "nof_kernels": [1, 2, 3, 4, 5, 6, 7, 8, 9, 10, 11, 12, 13, 14, 15, 16], "stdev": [0.0, 1.261938295999768, 5.105600188486319, 12.49037158494275, 5.529838329007965, 10.410120541691542, 3.9898806471670833, 2.1752452889763387, 2.2149547328043764, 1.8140089088398716, 1.966859688114891, 10.325789693529435, 23.92446359273309, 11.05280800495682, 30.827764376777274, 1.5346998958322862], "median": [222.0, 227.0, 625.5, 641.0, 681.0, 703.0, 703.0, 771.0, 764.0, 771.0, 805.0, 819.0, 998.0, 896.0, 1129.0, 936.0], "max": [222.0, 229.0, 632.0, 648.0, 686.0, 736.0, 707.0, 775.0, 767.0, 773.0, 808.0, 837.0, 1002.0, 902.0, 1132.0, 939.0]}