{"nof_kernels": [1, 2, 3, 4, 5, 6, 7, 8, 9, 10, 11, 12, 13, 14, 15, 16], "min": [165.0, 166.0, 171.0, 384.0, 391.0, 441.0, 447.0, 468.0, 475.0, 489.0, 490.0, 501.0, 502.0, 509.0, 515.0, 519.0], "median": [166.0, 169.0, 338.0, 385.5, 430.0, 443.0, 462.5, 470.5, 482.5, 490.0, 495.0, 502.0, 506.0, 510.5, 519.0, 520.5], "stdev": [0.49008942714458287, 1.314600725842675, 58.13383103981542, 6.265593947359354, 14.0597754987804, 1.1804722701403818, 6.512769189687147, 1.28938206289359, 4.78722726907495, 1.1259852575494793, 3.3604217370566754, 1.108618062404934, 2.5577662729581183, 1.0197557453788981, 2.169541845257627, 0.9795008150940263], "max": [166.0, 171.0, 347.0, 409.0, 432.0, 445.0, 465.0, 472.0, 486.0, 492.0, 499.0, 504.0, 509.0, 512.0, 521.0, 522.0], "mean": [165.6, 169.35, 299.73333333333335, 387.5, 418.56, 443.2, 457.6, 470.6125, 481.2, 490.1725, 494.8863636363636, 502.48541666666665, 505.67692307692306, 510.6875, 518.0, 520.875]}