{"stdev": [0.0, 1.730538522981575, 24.106106795217606, 9.250647934308825, 103.88806543142591, 82.61469646112282, 229.8531730548768, 2.938467835793738, 302.03030501273736, 11.765448972087968, 522.810951411261, 14.850279844762538, 552.6214085505587, 15.800217947319549, 726.776478355943, 22.711806212037715], "mean": [223.0, 230.1375, 659.2166666666667, 739.56875, 904.035, 1030.775, 1479.2178571428572, 1609.9, 2047.088888888889, 3226.995, 3252.3, 3898.1520833333334, 3818.471153846154, 6208.241071428572, 5043.921666666667, 6269.0828125], "max": [223.0, 234.0, 695.0, 753.0, 1102.0, 1282.0, 1760.0, 1616.0, 2396.0, 3244.0, 3751.0, 3918.0, 4316.0, 6237.0, 5639.0, 6300.0], "median": [223.0, 229.0, 664.0, 738.0, 899.0, 1006.0, 1316.0, 1610.0, 1902.0, 3225.5, 3101.0, 3895.0, 3683.0, 6208.0, 4925.0, 6276.0], "min": [223.0, 228.0, 579.0, 714.0, 779.0, 993.0, 1185.0, 1603.0, 1459.0, 3206.0, 1919.0, 3848.0, 2091.0, 6171.0, 2409.0, 6204.0], "nof_kernels": [1, 2, 3, 4, 5, 6, 7, 8, 9, 10, 11, 12, 13, 14, 15, 16]}