{"mean": [166.3, 335.2, 373.1666666666667, 409.3, 434.86, 434.95, 447.84285714285716, 458.7, 468.3666666666667, 476.36, 481.93636363636364, 489.51666666666665, 495.5, 496.3857142857143, 504.1333333333333, 507.94375], "max": [176.0, 337.0, 377.0, 438.0, 446.0, 453.0, 456.0, 461.0, 490.0, 493.0, 492.0, 506.0, 507.0, 504.0, 508.0, 510.0], "nof_kernels": [1, 2, 3, 4, 5, 6, 7, 8, 9, 10, 11, 12, 13, 14, 15, 16], "median": [165.0, 334.0, 374.0, 388.5, 444.0, 449.0, 454.0, 459.0, 462.0, 480.0, 482.0, 492.0, 503.0, 501.0, 506.0, 508.0], "min": [165.0, 331.0, 368.0, 385.0, 400.0, 407.0, 412.0, 455.0, 449.0, 461.0, 463.0, 465.0, 467.0, 481.0, 487.0, 505.0], "stdev": [3.4334951418181574, 1.7947291248483566, 2.5607559946952807, 24.566184805488945, 17.878284627572352, 20.146434264140193, 14.869125403639286, 2.0401042415660275, 12.063921511979055, 12.96578247355381, 10.229725773833817, 13.948876243604133, 13.588783564384633, 7.305842457820965, 5.7878218210106755, 1.360941567329595]}