{"mean": [170.0, 340.05, 379.1333333333333, 414.3, 439.32, 439.6166666666667, 453.3285714285714, 462.05, 472.9222222222222, 480.11, 487.1454545454545, 494.28333333333336, 499.10769230769233, 500.6142857142857, 506.3933333333333, 510.4125], "min": [170.0, 337.0, 374.0, 390.0, 404.0, 411.0, 416.0, 460.0, 464.0, 465.0, 468.0, 470.0, 471.0, 488.0, 492.0, 509.0], "stdev": [0.0, 1.4665813035337674, 3.7412300416493305, 24.469936557998324, 17.91139612982681, 20.285069307861264, 14.963020838010507, 1.2033559949760433, 10.925091141786016, 11.916470774149523, 9.083577192699055, 13.228074580485456, 13.494780534345493, 6.98707839545215, 5.777448355029553, 1.1147136146403627], "median": [170.0, 339.0, 378.0, 393.0, 449.0, 454.0, 460.0, 462.0, 467.0, 486.0, 490.0, 494.5, 507.0, 505.0, 508.0, 510.0], "max": [170.0, 342.0, 391.0, 443.0, 450.0, 457.0, 461.0, 464.0, 493.0, 494.0, 496.0, 510.0, 510.0, 509.0, 511.0, 512.0], "nof_kernels": [1, 2, 3, 4, 5, 6, 7, 8, 9, 10, 11, 12, 13, 14, 15, 16]}