{"nof_kernels": [1, 2, 3, 4, 5, 6, 7, 8, 9, 10, 11, 12, 13, 14, 15, 16], "stdev": [0.0, 1.268027892769755, 3.6928013227352756, 24.337569880583963, 17.597587960877373, 19.963094480639466, 14.639979013210585, 1.1484717418256976, 11.431083191078102, 12.703021989934824, 9.863154575581698, 13.379779048809363, 13.320867010556775, 7.280021656112261, 5.698918614796676, 1.2466306791967159], "median": [165.0, 334.5, 373.0, 388.0, 443.0, 448.0, 453.0, 456.0, 460.0, 479.0, 481.0, 490.0, 500.0, 500.0, 502.0, 504.0], "mean": [165.0, 335.15, 373.8666666666667, 408.875, 433.72, 434.31666666666666, 446.7, 456.35, 465.6, 475.13, 481.1727272727273, 487.7, 492.2846153846154, 495.9642857142857, 500.2133333333333, 504.075], "min": [165.0, 334.0, 370.0, 384.0, 399.0, 406.0, 411.0, 454.0, 448.0, 460.0, 462.0, 464.0, 464.0, 481.0, 483.0, 502.0], "max": [165.0, 337.0, 386.0, 437.0, 444.0, 452.0, 455.0, 458.0, 486.0, 491.0, 491.0, 503.0, 503.0, 504.0, 505.0, 506.0]}