{"mean": [226.9, 634.45, 661.7666666666667, 714.125, 701.72, 781.35, 802.3714285714286, 864.0625, 801.8666666666667, 773.46, 786.7727272727273, 1269.05, 1239.6153846153845, 1641.8, 2072.1666666666665, 1014.6875], "median": [227.0, 633.0, 663.0, 714.0, 701.0, 779.0, 803.0, 864.0, 801.5, 774.0, 787.0, 1261.0, 1262.0, 1704.0, 2139.0, 1015.0], "stdev": [0.30046985150168065, 4.558505094995009, 3.5579125544163013, 0.3308481767036763, 1.0593872938632969, 8.18916530228191, 1.4560666743484054, 0.7475373140864231, 1.258082587019794, 2.109452668241186, 0.8492816311767405, 41.261857326327835, 38.8068026083196, 107.12366047528239, 128.19298936661005, 3.137158900966924], "max": [227.0, 648.0, 666.0, 715.0, 704.0, 807.0, 805.0, 865.0, 804.0, 776.0, 788.0, 1309.0, 1266.0, 1710.0, 2144.0, 1018.0], "min": [226.0, 632.0, 649.0, 714.0, 700.0, 778.0, 797.0, 861.0, 800.0, 770.0, 785.0, 1078.0, 1101.0, 1237.0, 1684.0, 1004.0], "nof_kernels": [1, 2, 3, 4, 5, 6, 7, 8, 9, 10, 11, 12, 13, 14, 15, 16]}