{"max": [227.0, 695.0, 804.0, 1193.0, 2055.0, 2122.0, 2202.0, 2947.0, 3371.0, 3064.0, 5706.0, 4139.0, 7146.0, 5083.0, 6553.0, 6261.0], "median": [226.5, 683.0, 739.0, 861.0, 1493.0, 1423.0, 1651.0, 2935.0, 2677.0, 3039.0, 4736.0, 4117.0, 6092.0, 5065.0, 5721.0, 6227.0], "stdev": [0.7265758264539066, 5.172990243353944, 21.103195590097688, 97.39762704228207, 388.35047497625584, 208.54987171119046, 330.49712762102115, 8.541823019824406, 519.1070993191227, 14.417903247606713, 971.4960139408821, 14.69855032161196, 1104.1912685565942, 18.71611650394252, 844.0434800727253, 18.504543318967034], "nof_kernels": [1, 2, 3, 4, 5, 6, 7, 8, 9, 10, 11, 12, 13, 14, 15, 16], "mean": [226.35, 684.525, 739.9333333333333, 892.70625, 1628.44, 1492.15, 1824.1464285714285, 2933.203125, 2833.302777777778, 3039.6425, 4879.131818181818, 4115.495833333333, 6245.211538461538, 5059.928571428572, 5880.258333333333, 6225.8515625], "min": [225.0, 677.0, 718.0, 843.0, 983.0, 1397.0, 1271.0, 2914.0, 1654.0, 2998.0, 2184.0, 4064.0, 2607.0, 4991.0, 2860.0, 6184.0]}