{"stdev": [0.6692158715398759, 1.5135702431049634, 23.41491685149937, 1.1080342020570964, 11.25121236369978, 0.9326497102613683, 5.938808510655869, 1.1000537148717267, 3.8823214036009066, 1.0404251866938639, 2.691449004873918, 0.9638201945193546, 2.2169030780447487, 0.880046586477953, 1.7629908911078576, 1.1895667678489772], "nof_kernels": [1, 2, 3, 4, 5, 6, 7, 8, 9, 10, 11, 12, 13, 14, 15, 16], "max": [168.0, 338.0, 422.0, 437.0, 467.0, 473.0, 488.0, 493.0, 503.0, 506.0, 514.0, 517.0, 520.0, 521.0, 529.0, 532.0], "mean": [167.55, 336.1, 401.8666666666667, 435.15, 456.1, 471.1166666666667, 482.1857142857143, 491.7, 498.53333333333336, 504.76, 510.8840909090909, 515.9333333333333, 517.2576923076923, 520.0642857142857, 526.455, 530.1], "min": [166.0, 333.0, 371.0, 434.0, 442.0, 470.0, 474.0, 490.0, 494.0, 503.0, 507.0, 515.0, 514.0, 519.0, 524.0, 528.0], "median": [168.0, 335.0, 421.0, 435.0, 466.0, 471.0, 486.0, 491.5, 500.0, 505.0, 512.0, 515.5, 519.0, 520.0, 528.0, 529.5]}