{"min": [169.0, 170.0, 169.0, 172.0, 170.0, 574.0, 581.0, 582.0, 599.0, 603.0, 613.0, 632.0, 644.0, 645.0, 667.0, 670.0], "median": [170.0, 171.0, 171.0, 175.0, 570.5, 579.5, 593.5, 589.0, 616.5, 606.0, 621.5, 637.0, 662.0, 650.0, 682.0, 679.0], "nof_kernels": [1, 2, 3, 4, 5, 6, 7, 8, 9, 10, 11, 12, 13, 14, 15, 16], "stdev": [0.49768816597857857, 1.1792129497805097, 2.2168770191379843, 3.1610048328083433, 131.24904384860722, 5.0766850231549805, 8.009019360388624, 8.60794280668843, 17.160029225025607, 3.0713483549157257, 22.098422623170396, 12.139646359671008, 46.59811513680177, 14.032401110106237, 35.17149703758406, 39.09583729595481], "max": [170.0, 173.0, 177.0, 187.0, 1001.0, 592.0, 604.0, 613.0, 643.0, 616.0, 669.0, 691.0, 778.0, 710.0, 769.0, 802.0], "mean": [169.55, 171.4, 171.64166666666668, 176.1, 580.99, 581.925, 591.175, 593.434375, 617.8916666666667, 606.9925, 636.4409090909091, 642.25625, 693.651923076923, 656.3696428571428, 702.515, 705.0328125]}