{"min": [163.0, 163.0, 162.0, 163.0, 185.0, 183.0, 183.0, 183.0, 183.0, 184.0, 187.0, 187.0, 187.0, 190.0, 186.0, 193.0], "median": [163.0, 164.0, 163.0, 164.5, 189.0, 187.0, 197.0, 194.5, 193.0, 197.0, 198.0, 203.0, 207.0, 209.0, 214.5, 214.5], "nof_kernels": [1, 2, 3, 4, 5, 6, 7, 8, 9, 10, 11, 12, 13, 14, 15, 16], "stdev": [0.0, 1.025978352085154, 1.2685406585123122, 1.2850221987506873, 6.499607523472758, 17.3766516509617, 16.454095753967927, 15.312519697739848, 20.298241346181083, 34.34184066415224, 30.998942649244388, 44.75211526540719, 46.50158209938641, 42.660239002823296, 43.50643501992753, 50.93825611006516], "max": [163.0, 165.0, 165.0, 166.0, 207.0, 234.0, 247.0, 250.0, 255.0, 323.0, 316.0, 363.0, 361.0, 362.0, 388.0, 429.0], "mean": [163.0, 164.0, 163.33333333333334, 164.7, 193.2, 196.53333333333333, 199.24285714285713, 197.7875, 201.32222222222222, 214.54, 211.03636363636363, 222.56666666666666, 227.92307692307693, 233.94285714285715, 231.28666666666666, 236.13125]}