{"min": [170.0, 170.0, 169.0, 171.0, 167.0, 174.0, 550.0, 552.0, 551.0, 551.0, 550.0, 551.0, 551.0, 555.0, 556.0, 561.0], "median": [170.0, 171.5, 170.0, 175.0, 237.0, 424.5, 553.0, 555.0, 556.0, 555.0, 552.0, 555.0, 561.0, 566.0, 563.0, 563.0], "nof_kernels": [1, 2, 3, 4, 5, 6, 7, 8, 9, 10, 11, 12, 13, 14, 15, 16], "stdev": [0.0, 0.9741574747454869, 1.200625488705492, 1.8979434159954724, 88.28761005263142, 145.57064700962474, 3.616532643942763, 3.649149959634644, 2.599501500410197, 5.6104667067641225, 3.1635763217859965, 9.018745973553456, 7.205569533656802, 9.5578225918871, 5.669707742551504, 5.3390459085053354], "max": [170.0, 172.0, 172.0, 177.0, 412.0, 552.0, 564.0, 565.0, 562.0, 568.0, 561.0, 576.0, 574.0, 584.0, 577.0, 577.0], "mean": [170.0, 171.05, 170.4, 174.525, 252.64, 403.4166666666667, 554.5714285714286, 555.9625, 555.9777777777778, 557.25, 553.5909090909091, 560.1583333333333, 560.3615384615384, 565.8642857142858, 564.1666666666666, 565.3875]}