{"min": [170.0, 172.0, 170.0, 546.0, 546.0, 548.0, 549.0, 549.0, 552.0, 550.0, 551.0, 553.0, 551.0, 554.0, 552.0, 562.0], "median": [170.0, 173.5, 302.5, 549.0, 547.0, 550.0, 552.0, 553.5, 557.5, 553.0, 553.0, 556.0, 557.0, 560.0, 556.0, 564.5], "nof_kernels": [1, 2, 3, 4, 5, 6, 7, 8, 9, 10, 11, 12, 13, 14, 15, 16], "stdev": [0.0, 1.0448472569219578, 62.415928022478326, 1.418298819101896, 1.4426714154678917, 2.462799479245032, 2.8687977687595794, 3.60363239957655, 3.0380703552014516, 2.862247393883858, 4.018927550494843, 10.508108893723849, 6.227247523785485, 6.2382389581527296, 6.055861831887789, 3.736375261891574], "max": [170.0, 175.0, 306.0, 551.0, 550.0, 556.0, 559.0, 561.0, 563.0, 560.0, 564.0, 581.0, 570.0, 575.0, 571.0, 575.0], "mean": [170.0, 173.9, 259.9, 548.7, 548.0, 551.0666666666667, 552.7285714285714, 554.3625, 557.5333333333333, 554.01, 554.790909090909, 562.0083333333333, 558.3615384615384, 561.0857142857143, 558.2466666666667, 566.36875]}