{"min": [169.0, 170.0, 570.0, 570.0, 572.0, 576.0, 584.0, 592.0, 597.0, 614.0, 619.0, 631.0, 628.0, 654.0, 665.0, 656.0], "median": [170.0, 172.0, 573.5, 571.5, 578.0, 577.5, 594.5, 593.0, 608.0, 616.0, 629.0, 636.0, 632.0, 658.0, 677.0, 662.5], "nof_kernels": [1, 2, 3, 4, 5, 6, 7, 8, 9, 10, 11, 12, 13, 14, 15, 16], "stdev": [0.49008942714458287, 1.3621925640221133, 1.7177598687665316, 2.231170259461262, 3.4847772452224444, 3.1766719250948348, 6.3145370950928905, 3.42797189424664, 11.562807589616652, 4.6326148555682085, 31.686703161970925, 14.601640015379985, 10.356280226978644, 10.545256278656318, 37.85027146743947, 24.84523628196235], "max": [170.0, 176.0, 575.0, 576.0, 582.0, 585.0, 601.0, 602.0, 627.0, 634.0, 700.0, 687.0, 662.0, 698.0, 785.0, 738.0], "mean": [169.6, 172.7125, 572.7583333333333, 572.28125, 576.635, 579.2083333333334, 590.95, 594.8875, 610.0444444444445, 618.1675, 651.5772727272728, 642.6875, 637.9923076923077, 662.0857142857143, 703.07, 679.225]}