{"min": [163.0, 164.0, 185.0, 185.0, 186.0, 183.0, 183.0, 183.0, 183.0, 183.0, 187.0, 187.0, 187.0, 191.0, 193.0, 195.0], "median": [163.0, 165.0, 186.0, 187.0, 189.0, 187.0, 190.0, 191.0, 196.0, 205.0, 201.0, 199.0, 202.0, 205.0, 207.0, 213.0], "nof_kernels": [1, 2, 3, 4, 5, 6, 7, 8, 9, 10, 11, 12, 13, 14, 15, 16], "stdev": [0.0, 1.025978352085154, 1.2685406585123122, 5.767059420447683, 7.4848418248388615, 11.64603906865766, 10.209361189644586, 14.46186057851496, 24.72650904773842, 30.86385221804585, 20.5878657671788, 25.30065709225197, 54.41087365896218, 24.718455766864935, 32.05421930715985, 35.292051949661555], "max": [163.0, 166.0, 188.0, 202.0, 214.0, 234.0, 213.0, 252.0, 256.0, 308.0, 284.0, 309.0, 408.0, 314.0, 356.0, 346.0], "mean": [163.0, 165.0, 186.33333333333334, 189.35, 193.24, 192.21666666666667, 193.97142857142856, 196.2375, 206.24444444444444, 213.22, 208.5818181818182, 209.33333333333334, 222.6846153846154, 214.92857142857142, 218.51333333333332, 226.075]}