{"min": [164.0, 186.0, 185.0, 185.0, 185.0, 185.0, 185.0, 185.0, 185.0, 185.0, 185.0, 185.0, 185.0, 196.0, 192.0, 196.0], "median": [164.0, 187.0, 186.0, 187.0, 186.0, 186.5, 190.0, 189.5, 196.0, 200.0, 199.0, 202.5, 210.0, 212.0, 217.0, 213.5], "nof_kernels": [1, 2, 3, 4, 5, 6, 7, 8, 9, 10, 11, 12, 13, 14, 15, 16], "stdev": [0.0, 1.025978352085154, 1.2685406585123122, 5.00666222813829, 13.352688332852141, 19.49714595947242, 10.58223246259217, 13.354466374659031, 22.085623865381212, 27.668709307582, 15.208698292527457, 40.53359432504799, 26.703568310709837, 30.74594618120566, 32.21708802214127, 37.04708673053963], "max": [164.0, 188.0, 188.0, 202.0, 217.0, 235.0, 212.0, 233.0, 257.0, 318.0, 256.0, 311.0, 330.0, 327.0, 317.0, 344.0], "mean": [164.0, 187.0, 186.33333333333334, 188.6, 194.46, 196.88333333333333, 193.75714285714287, 197.25, 204.42222222222222, 209.91, 204.20909090909092, 223.95, 216.2076923076923, 222.82142857142858, 229.45333333333335, 231.9375]}