{"min": [172.0, 542.0, 544.0, 546.0, 549.0, 549.0, 548.0, 549.0, 550.0, 549.0, 553.0, 553.0, 552.0, 555.0, 555.0, 561.0], "median": [173.0, 544.0, 546.0, 549.0, 550.0, 550.5, 551.0, 552.0, 555.0, 553.0, 555.0, 557.0, 562.0, 560.0, 557.0, 563.5], "nof_kernels": [1, 2, 3, 4, 5, 6, 7, 8, 9, 10, 11, 12, 13, 14, 15, 16], "stdev": [0.30046985150168065, 0.5920707143825145, 1.309201148355119, 1.482976108766162, 1.865630016803908, 2.630165331629176, 2.747931247410749, 2.574137156870967, 2.3151427089498053, 3.146218896019359, 4.382110608367565, 8.009354607116643, 8.375086159238732, 8.52014897022271, 4.8217331148974, 4.692939004431687], "max": [173.0, 544.0, 547.0, 550.0, 554.0, 556.0, 557.0, 558.0, 558.0, 560.0, 566.0, 575.0, 577.0, 579.0, 570.0, 575.0], "mean": [172.9, 543.5, 545.7666666666667, 548.55, 551.04, 551.45, 551.6285714285714, 552.6625, 554.4444444444445, 553.38, 556.8272727272728, 560.8166666666667, 562.8307692307692, 562.5428571428571, 559.68, 565.675]}