{"min": [171.0, 560.0, 565.0, 573.0, 576.0, 580.0, 586.0, 593.0, 594.0, 604.0, 604.0, 621.0, 640.0, 660.0, 663.0, 667.0], "median": [172.0, 562.0, 569.0, 575.0, 582.5, 582.0, 598.0, 594.5, 603.0, 606.5, 607.0, 624.0, 647.5, 665.0, 674.0, 671.0], "nof_kernels": [1, 2, 3, 4, 5, 6, 7, 8, 9, 10, 11, 12, 13, 14, 15, 16], "stdev": [0.7069409040021438, 3.0065968890854626, 2.031120216965141, 3.001959378372127, 4.219523899052747, 3.298941387986977, 6.834270530163435, 4.1123778435923874, 8.19328203198058, 8.486732037332752, 9.810071162151235, 12.685985304587437, 28.512831246186522, 12.200373742235293, 31.92297407998664, 9.546399547654252], "max": [173.0, 567.0, 570.0, 581.0, 588.0, 589.0, 602.0, 605.0, 614.0, 626.0, 627.0, 652.0, 735.0, 704.0, 751.0, 717.0], "mean": [171.725, 562.9625, 567.975, 575.95, 580.72, 584.0416666666666, 593.4285714285714, 597.2, 602.9388888888889, 612.7025, 614.1545454545454, 633.5354166666667, 666.998076923077, 671.7839285714285, 695.4883333333333, 674.8734375]}